ACCOUNT_ID,DEFAULT_FLAG,COLLATERAL_TYPE,SENIORITY,SECTOR,REGION,ECONOMIC_SEGMENT,EXPOSURE_AT_DEFAULT,COLLATERAL_VALUE,DAYS_PAST_DUE,INTEREST_RATE,RECOVERY_TIME_MONTHS,GUARANTEE_FLAG,LTV_RATIO,LGD_OBS,RECOVERY_RATE,LGD_MODEL_PRED
A0001,0,Mortgage,Senior,SME,South,Near-Prime,523560.0,100588.0,131,16.07,35,0,3.0,0.532,0.468,0.523
A0002,1,Vehicle,Senior,Corporate,North,Near-Prime,60654.0,40032.0,120,5.89,4,0,1.52,0.651,0.349,0.645
A0003,1,None,Subordinated,Retail,West,Prime,240530.0,237227.0,196,4.46,33,1,1.01,0.595,0.405,0.595
A0004,0,Corporate,Senior,SME,North,Prime,497082.0,4985.0,481,16.47,13,1,3.0,0.331,0.669,0.327
A0005,0,Corporate,Senior,SME,East,Prime,317133.0,42383.0,633,8.25,19,0,3.0,0.47,0.53,0.485
A0006,0,Corporate,Subordinated,Corporate,East,Prime,189946.0,403813.0,38,11.27,12,1,0.47,0.466,0.534,0.459
A0007,0,Corporate,Senior,Corporate,West,Near-Prime,509092.0,385737.0,565,8.39,11,0,1.32,0.41,0.59,0.399
A0008,1,Corporate,Subordinated,Retail,North,Prime,329582.0,457569.0,511,4.89,6,1,0.72,0.385,0.615,0.403
A0009,0,Mortgage,Senior,SME,West,Near-Prime,265527.0,427258.0,473,11.84,12,0,0.62,0.368,0.632,0.36
A0010,1,Vehicle,Senior,Retail,North,Subprime,469346.0,341588.0,160,10.88,27,0,1.37,0.442,0.558,0.431
A0011,0,Mortgage,Senior,SME,South,Prime,141951.0,26166.0,288,6.04,25,0,3.0,0.576,0.424,0.526
A0012,1,None,Senior,Retail,East,Prime,928468.0,391424.0,199,9.78,3,1,2.37,0.449,0.551,0.428
A0013,1,None,Subordinated,Retail,West,Prime,869025.0,422755.0,527,14.95,3,0,2.06,0.892,0.108,0.875
A0014,0,Mortgage,Senior,Retail,South,Near-Prime,710544.0,399541.0,684,11.86,20,0,1.78,0.591,0.409,0.58
A0015,0,Corporate,Senior,SME,South,Near-Prime,115152.0,254240.0,502,4.45,28,0,0.45,0.397,0.603,0.383
A0016,0,None,Senior,Retail,West,Prime,778118.0,116451.0,247,11.22,23,1,3.0,0.475,0.525,0.495
A0017,0,Mortgage,Senior,Corporate,West,Near-Prime,809878.0,422665.0,382,13.54,3,1,1.92,0.313,0.687,0.297
A0018,0,Vehicle,Subordinated,SME,South,Subprime,770087.0,363581.0,217,14.89,24,0,2.12,0.957,0.043,0.943
A0019,0,None,Senior,Retail,North,Prime,122826.0,490381.0,86,12.44,6,0,0.25,0.464,0.536,0.467
A0020,0,Mortgage,Senior,Corporate,South,Prime,647469.0,77846.0,81,5.29,20,0,3.0,0.553,0.447,0.531
A0021,0,Corporate,Subordinated,Retail,West,Subprime,835982.0,112832.0,61,13.65,11,0,3.0,0.896,0.104,0.927
A0022,0,Mortgage,Senior,SME,South,Near-Prime,581580.0,105899.0,499,13.16,32,1,3.0,0.277,0.723,0.293
A0023,0,None,Subordinated,SME,North,Subprime,649943.0,396270.0,41,3.37,27,0,1.64,1.0,0.0,0.977
A0024,0,None,Senior,Retail,East,Near-Prime,463780.0,93454.0,11,9.18,21,0,3.0,0.705,0.295,0.725
A0025,0,None,Senior,Retail,East,Subprime,533420.0,33330.0,642,7.99,13,0,3.0,0.818,0.182,0.842
A0026,1,Vehicle,Senior,Retail,South,Prime,44033.0,499280.0,114,13.04,22,0,0.09,0.358,0.642,0.335
A0027,0,None,Senior,Corporate,North,Near-Prime,642573.0,12409.0,217,6.24,35,0,3.0,0.807,0.193,0.784
A0028,0,Corporate,Subordinated,SME,East,Subprime,90633.0,417622.0,648,11.86,22,0,0.22,0.758,0.242,0.746
A0029,0,Mortgage,Senior,SME,South,Near-Prime,440664.0,182683.0,105,16.7,28,0,2.41,0.552,0.448,0.524
A0030,0,Corporate,Senior,SME,South,Prime,299729.0,420808.0,690,14.97,21,0,0.71,0.357,0.643,0.341
A0031,0,Mortgage,Senior,Retail,North,Prime,549974.0,277310.0,527,16.82,18,0,1.98,0.638,0.362,0.63
A0032,0,Vehicle,Senior,SME,West,Prime,142082.0,450816.0,471,17.68,31,0,0.32,0.393,0.607,0.403
A0033,0,Mortgage,Senior,Corporate,South,Prime,694727.0,463096.0,386,3.16,21,0,1.5,0.289,0.711,0.291
A0034,1,Mortgage,Subordinated,Retail,West,Prime,797061.0,4549.0,225,12.34,14,1,3.0,0.647,0.353,0.644
A0035,1,Mortgage,Senior,Retail,West,Near-Prime,171721.0,37706.0,480,9.19,25,0,3.0,0.612,0.388,0.602
A0036,1,Corporate,Senior,Retail,East,Near-Prime,113270.0,125179.0,407,15.9,27,0,0.9,0.431,0.569,0.405
A0037,0,Mortgage,Senior,SME,West,Prime,154060.0,334658.0,456,6.78,23,1,0.46,0.13,0.87,0.142
A0038,0,Corporate,Senior,Public,North,Near-Prime,878356.0,444136.0,652,17.72,31,0,1.98,0.526,0.474,0.537
A0039,0,Mortgage,Senior,Retail,East,Prime,532907.0,229971.0,710,12.21,29,0,2.32,0.503,0.497,0.491
A0040,0,Mortgage,Senior,SME,East,Prime,472588.0,303487.0,623,14.9,30,0,1.56,0.565,0.435,0.543
A0041,0,Vehicle,Subordinated,Retail,East,Prime,115645.0,94250.0,638,4.28,26,0,1.23,0.637,0.363,0.668
A0042,0,Corporate,Senior,Public,South,Near-Prime,653060.0,402483.0,20,5.75,20,0,1.62,0.524,0.476,0.529
A0043,0,Mortgage,Senior,Retail,South,Prime,869320.0,483664.0,658,14.38,19,0,1.8,0.543,0.457,0.551
A0044,1,Corporate,Senior,SME,West,Prime,829904.0,134299.0,600,3.33,27,1,3.0,0.247,0.753,0.256
A0045,0,None,Subordinated,Corporate,East,Prime,629794.0,247413.0,202,15.25,25,1,2.55,0.825,0.175,0.801
A0046,0,Corporate,Senior,Corporate,East,Subprime,84526.0,43058.0,416,3.21,23,0,1.96,0.572,0.428,0.602
A0047,0,Mortgage,Senior,SME,North,Prime,121273.0,279568.0,415,12.86,29,0,0.43,0.369,0.631,0.361
A0048,0,Mortgage,Senior,Retail,West,Near-Prime,58816.0,251392.0,447,8.48,15,0,0.23,0.362,0.638,0.378
A0049,0,None,Senior,Retail,North,Near-Prime,264904.0,72218.0,511,12.17,3,0,3.0,0.702,0.298,0.731
A0050,0,Mortgage,Senior,Retail,West,Near-Prime,144305.0,221033.0,84,13.44,10,0,0.65,0.353,0.647,0.355
A0051,1,None,Senior,Retail,West,Subprime,267448.0,167052.0,166,8.14,15,1,1.6,0.549,0.451,0.525
A0052,1,Vehicle,Senior,SME,South,Prime,391207.0,260915.0,383,4.62,16,0,1.5,0.334,0.666,0.284
A0053,1,None,Senior,Retail,South,Prime,943553.0,292827.0,467,4.04,17,1,3.0,0.548,0.452,0.547
A0054,1,Corporate,Subordinated,Retail,North,Subprime,614272.0,4248.0,71,11.83,19,1,3.0,0.763,0.237,0.768
A0055,0,None,Subordinated,SME,West,Prime,836624.0,380503.0,520,10.81,11,1,2.2,0.729,0.271,0.717
A0056,1,Mortgage,Senior,Public,East,Near-Prime,713248.0,356507.0,472,14.13,5,0,2.0,0.472,0.528,0.475
A0057,0,Corporate,Senior,SME,South,Near-Prime,121378.0,183143.0,257,10.65,5,0,0.66,0.311,0.689,0.32
A0058,0,Vehicle,Senior,Retail,East,Near-Prime,738561.0,26468.0,274,9.34,14,0,3.0,0.643,0.357,0.663
A0059,0,Vehicle,Senior,Retail,North,Subprime,282348.0,377466.0,19,8.97,26,0,0.75,0.414,0.586,0.409
A0060,0,Corporate,Senior,Public,South,Subprime,642717.0,477588.0,489,3.4,8,0,1.35,0.445,0.555,0.444
A0061,0,None,Senior,Retail,South,Near-Prime,347552.0,120076.0,489,8.03,5,0,2.89,0.771,0.229,0.767
A0062,0,None,Senior,Retail,West,Prime,997696.0,161762.0,325,17.64,7,0,3.0,0.674,0.326,0.675
A0063,1,Corporate,Subordinated,SME,North,Subprime,270916.0,91906.0,528,16.1,16,0,2.95,0.892,0.108,0.882
A0064,0,Vehicle,Senior,SME,West,Prime,286339.0,288468.0,88,7.94,14,1,0.99,0.19,0.81,0.18
A0065,0,Vehicle,Senior,SME,South,Prime,931366.0,77421.0,485,11.82,4,0,3.0,0.636,0.364,0.627
A0066,0,Corporate,Subordinated,Retail,North,Subprime,34398.0,178097.0,707,15.71,17,0,0.19,0.668,0.332,0.671
A0067,0,Mortgage,Senior,Retail,South,Prime,699722.0,348507.0,349,9.62,6,0,2.01,0.62,0.38,0.603
A0068,1,Mortgage,Senior,Public,North,Prime,728073.0,280058.0,83,3.27,16,1,2.6,0.336,0.664,0.327
A0069,0,Mortgage,Senior,Retail,South,Prime,838015.0,193231.0,386,4.12,29,0,3.0,0.506,0.494,0.542
A0070,1,Mortgage,Senior,SME,East,Subprime,974695.0,210125.0,86,10.66,10,0,3.0,0.662,0.338,0.68
A0071,1,Mortgage,Subordinated,Corporate,East,Near-Prime,975846.0,281055.0,306,17.54,29,0,3.0,0.742,0.258,0.723
A0072,0,Mortgage,Senior,SME,West,Near-Prime,74624.0,2932.0,153,13.4,14,1,3.0,0.374,0.626,0.391
A0073,0,Mortgage,Senior,Retail,East,Prime,823621.0,39255.0,439,4.06,4,1,3.0,0.507,0.493,0.52
A0074,1,Mortgage,Subordinated,Retail,South,Near-Prime,649847.0,440629.0,263,5.84,13,0,1.47,0.655,0.345,0.653
A0075,1,None,Subordinated,SME,South,Near-Prime,650869.0,38939.0,420,14.57,18,0,3.0,0.945,0.055,0.931
A0076,1,Vehicle,Subordinated,Corporate,East,Prime,137066.0,353402.0,492,15.62,33,0,0.39,0.653,0.347,0.637
A0077,1,Mortgage,Senior,Corporate,West,Prime,653685.0,460019.0,632,12.27,21,0,1.42,0.303,0.697,0.307
A0078,0,Corporate,Senior,Retail,East,Prime,982658.0,135342.0,410,12.67,16,0,3.0,0.512,0.488,0.495
A0079,0,Mortgage,Subordinated,Retail,North,Subprime,912700.0,185246.0,172,3.43,15,1,3.0,0.696,0.304,0.718
A0080,0,None,Subordinated,Corporate,North,Near-Prime,444739.0,284461.0,3,15.43,5,1,1.56,0.754,0.246,0.782
A0081,1,Corporate,Senior,Corporate,North,Subprime,49548.0,440854.0,639,14.82,6,0,0.11,0.385,0.615,0.384
A0082,0,Mortgage,Senior,Corporate,East,Prime,368671.0,470953.0,471,6.89,3,0,0.78,0.335,0.665,0.358
A0083,0,Vehicle,Senior,Retail,East,Near-Prime,828126.0,369782.0,109,13.63,12,0,2.24,0.543,0.457,0.535
A0084,0,None,Subordinated,SME,East,Near-Prime,704484.0,43310.0,36,6.22,33,1,3.0,0.827,0.173,0.813
A0085,0,None,Senior,Corporate,North,Near-Prime,464750.0,334577.0,582,3.6,33,1,1.39,0.235,0.765,0.257
A0086,0,Vehicle,Senior,SME,West,Subprime,64551.0,205152.0,30,6.02,31,0,0.31,0.381,0.619,0.413
A0087,1,Corporate,Senior,SME,South,Prime,432626.0,235350.0,380,5.68,21,0,1.84,0.559,0.441,0.598
A0088,0,Mortgage,Senior,Retail,East,Prime,474335.0,24574.0,267,8.07,27,0,3.0,0.608,0.392,0.615
A0089,1,None,Subordinated,SME,West,Near-Prime,929270.0,95531.0,10,9.28,27,0,3.0,0.978,0.022,0.995
A0090,0,Mortgage,Senior,Retail,South,Near-Prime,644675.0,395257.0,343,10.63,8,1,1.63,0.365,0.635,0.371
A0091,0,None,Subordinated,SME,South,Near-Prime,318536.0,226979.0,543,10.15,32,0,1.4,0.736,0.264,0.764
A0092,1,Corporate,Subordinated,Public,South,Prime,530065.0,150831.0,568,7.06,26,1,3.0,0.634,0.366,0.643
A0093,1,Corporate,Senior,Retail,West,Near-Prime,75395.0,192010.0,165,3.44,2,0,0.39,0.391,0.609,0.407
A0094,0,Vehicle,Senior,Corporate,West,Prime,972843.0,427200.0,699,12.08,12,1,2.28,0.337,0.663,0.314
A0095,1,Mortgage,Senior,Retail,North,Prime,366459.0,374500.0,341,8.94,22,0,0.98,0.303,0.697,0.298
A0096,0,Mortgage,Subordinated,SME,West,Near-Prime,483089.0,136158.0,481,7.48,17,1,3.0,0.553,0.447,0.569
A0097,0,Mortgage,Senior,Public,West,Near-Prime,361731.0,58751.0,18,16.0,7,0,3.0,0.594,0.406,0.608
A0098,0,Mortgage,Senior,Retail,West,Prime,685687.0,125999.0,627,14.2,4,0,3.0,0.473,0.527,0.491
A0099,0,Corporate,Subordinated,Retail,South,Prime,665610.0,460378.0,183,15.87,32,0,1.45,0.684,0.316,0.686
A0100,0,Mortgage,Senior,SME,East,Prime,718169.0,290794.0,544,10.42,11,0,2.47,0.527,0.473,0.514
A0101,0,Mortgage,Subordinated,Retail,North,Prime,275462.0,266740.0,9,4.96,1,0,1.03,0.615,0.385,0.614
A0102,0,None,Senior,Corporate,East,Near-Prime,322512.0,298197.0,591,13.44,25,0,1.08,0.535,0.465,0.536
A0103,0,None,Senior,Corporate,East,Subprime,133999.0,183014.0,191,6.09,24,1,0.73,0.366,0.634,0.371
A0104,0,None,Senior,SME,West,Prime,658955.0,403554.0,319,9.62,17,0,1.63,0.677,0.323,0.658
A0105,1,None,Subordinated,Retail,North,Near-Prime,49399.0,261643.0,701,3.98,8,1,0.19,0.557,0.443,0.552
A0106,0,Mortgage,Senior,SME,East,Subprime,601706.0,58374.0,579,15.38,27,1,3.0,0.407,0.593,0.405
A0107,0,Mortgage,Subordinated,Corporate,East,Subprime,870999.0,64533.0,474,4.89,18,0,3.0,0.847,0.153,0.802
A0108,1,Corporate,Subordinated,Retail,North,Prime,891924.0,268430.0,636,16.55,27,0,3.0,0.751,0.249,0.768
A0109,0,Corporate,Senior,SME,West,Subprime,454547.0,468285.0,426,15.96,22,0,0.97,0.51,0.49,0.513
A0110,0,Mortgage,Subordinated,SME,East,Prime,464711.0,154176.0,58,9.97,16,0,3.0,0.82,0.18,0.825
A0111,0,Corporate,Senior,SME,South,Prime,86199.0,434771.0,435,14.17,2,0,0.2,0.31,0.69,0.3
A0112,0,Mortgage,Senior,Retail,East,Prime,674057.0,382048.0,96,12.29,5,1,1.76,0.394,0.606,0.406
A0113,1,Mortgage,Senior,Corporate,South,Prime,823047.0,123906.0,495,15.05,18,0,3.0,0.513,0.487,0.496
A0114,1,Vehicle,Subordinated,Retail,West,Prime,252209.0,18170.0,660,9.48,3,0,3.0,0.702,0.298,0.689
A0115,0,Vehicle,Senior,Retail,East,Prime,427088.0,50924.0,277,14.79,27,0,3.0,0.585,0.415,0.598
A0116,1,Vehicle,Senior,Corporate,North,Prime,840451.0,364247.0,264,9.94,17,1,2.31,0.432,0.568,0.439
A0117,1,Mortgage,Senior,Corporate,North,Subprime,878349.0,99835.0,8,17.11,16,0,3.0,0.678,0.322,0.652
A0118,0,None,Senior,Retail,East,Subprime,250748.0,185635.0,456,10.3,6,0,1.35,0.506,0.494,0.538
A0119,1,Mortgage,Senior,Retail,West,Prime,555065.0,250850.0,272,9.94,7,0,2.21,0.549,0.451,0.534
A0120,0,Mortgage,Subordinated,Retail,West,Subprime,200568.0,362734.0,7,14.78,14,0,0.55,0.686,0.314,0.683
A0121,1,None,Subordinated,Retail,North,Subprime,110860.0,56616.0,207,15.32,15,1,1.96,0.869,0.131,0.904
A0122,1,None,Senior,Retail,East,Near-Prime,912009.0,203183.0,636,11.32,33,1,3.0,0.458,0.542,0.417
A0123,0,None,Subordinated,Retail,West,Prime,822302.0,242536.0,122,5.7,27,0,3.0,0.933,0.067,0.899
A0124,0,Corporate,Senior,SME,North,Near-Prime,762435.0,270414.0,32,10.02,29,0,2.82,0.479,0.521,0.488
A0125,0,Corporate,Subordinated,Corporate,South,Subprime,58279.0,409180.0,512,17.52,5,0,0.14,0.711,0.289,0.661
A0126,0,Vehicle,Senior,SME,East,Near-Prime,845292.0,85839.0,203,14.29,29,0,3.0,0.481,0.519,0.44
A0127,1,Mortgage,Senior,SME,South,Prime,443664.0,403916.0,517,15.17,32,0,1.1,0.372,0.628,0.396
A0128,1,Vehicle,Senior,Retail,South,Near-Prime,348971.0,346439.0,516,3.49,6,0,1.01,0.312,0.688,0.304
A0129,0,Mortgage,Subordinated,Public,West,Near-Prime,551012.0,277935.0,442,10.02,2,0,1.98,0.643,0.357,0.687
A0130,0,Mortgage,Senior,Corporate,West,Near-Prime,100440.0,349764.0,591,12.7,6,1,0.29,0.19,0.81,0.169
A0131,0,Corporate,Senior,Corporate,West,Prime,759080.0,206009.0,688,15.45,4,0,3.0,0.575,0.425,0.569
A0132,0,Vehicle,Senior,Corporate,East,Prime,586611.0,69199.0,338,3.74,29,1,3.0,0.418,0.582,0.429
A0133,0,Mortgage,Senior,Corporate,South,Subprime,194724.0,332883.0,437,15.79,25,0,0.58,0.345,0.655,0.354
A0134,0,Mortgage,Senior,SME,East,Subprime,196350.0,262336.0,444,11.23,9,0,0.75,0.417,0.583,0.412
A0135,1,Corporate,Senior,Retail,West,Prime,192406.0,319687.0,135,5.96,3,1,0.6,0.157,0.843,0.144
A0136,0,Mortgage,Subordinated,SME,South,Subprime,66432.0,168999.0,386,7.76,26,0,0.39,0.729,0.271,0.734
A0137,0,None,Senior,Corporate,East,Prime,591920.0,453433.0,24,7.23,27,0,1.31,0.427,0.573,0.455
A0138,1,Vehicle,Senior,Corporate,East,Near-Prime,841945.0,293685.0,505,10.96,32,0,2.87,0.572,0.428,0.587
A0139,0,Vehicle,Senior,SME,North,Near-Prime,27323.0,42701.0,324,3.78,1,0,0.64,0.321,0.679,0.308
A0140,1,Vehicle,Subordinated,Retail,East,Subprime,58515.0,224902.0,694,5.38,16,1,0.26,0.407,0.593,0.387
A0141,1,Corporate,Subordinated,Retail,West,Subprime,577043.0,378178.0,679,15.19,11,1,1.53,0.662,0.338,0.648
A0142,0,Mortgage,Senior,Corporate,East,Prime,821301.0,397067.0,337,4.99,26,0,2.07,0.576,0.424,0.551
A0143,0,Corporate,Senior,SME,South,Subprime,333472.0,247299.0,689,6.5,1,0,1.35,0.359,0.641,0.362
A0144,0,Vehicle,Senior,SME,East,Prime,356118.0,447374.0,94,9.8,26,0,0.8,0.382,0.618,0.398
A0145,0,Mortgage,Senior,Retail,North,Near-Prime,600383.0,133834.0,544,10.76,28,0,3.0,0.564,0.436,0.563
A0146,0,None,Subordinated,Retail,South,Near-Prime,281471.0,205299.0,622,14.45,9,0,1.37,0.737,0.263,0.771
A0147,0,Corporate,Senior,Corporate,South,Near-Prime,36342.0,449298.0,145,9.71,22,0,0.08,0.268,0.732,0.304
A0148,0,Corporate,Senior,SME,North,Prime,737876.0,448128.0,230,14.85,8,0,1.65,0.472,0.528,0.478
A0149,0,None,Senior,Corporate,West,Subprime,629393.0,342856.0,494,12.28,27,0,1.84,0.78,0.22,0.794
A0150,0,None,Subordinated,SME,South,Prime,584948.0,429490.0,37,4.7,19,0,1.36,0.694,0.306,0.676
A0151,1,Corporate,Senior,SME,West,Prime,744267.0,44387.0,424,5.34,25,0,3.0,0.533,0.467,0.526
A0152,0,Corporate,Senior,Retail,South,Near-Prime,678479.0,432497.0,646,9.56,21,0,1.57,0.595,0.405,0.62
A0153,0,Corporate,Senior,Corporate,South,Prime,213823.0,160310.0,436,8.95,24,1,1.33,0.136,0.864,0.124
A0154,0,Corporate,Subordinated,SME,West,Subprime,358956.0,89166.0,367,14.15,24,1,3.0,0.685,0.315,0.715
A0155,1,Corporate,Senior,SME,South,Prime,134849.0,119685.0,344,11.71,19,0,1.13,0.335,0.665,0.357
A0156,0,Corporate,Senior,SME,West,Prime,138558.0,208984.0,159,8.82,2,0,0.66,0.401,0.599,0.416
A0157,0,Mortgage,Senior,Corporate,North,Subprime,679434.0,125596.0,549,5.56,14,1,3.0,0.515,0.485,0.492
A0158,1,None,Senior,Retail,West,Near-Prime,860014.0,160284.0,661,6.4,32,1,3.0,0.521,0.479,0.515
A0159,0,None,Senior,Corporate,North,Prime,963105.0,67489.0,540,11.63,32,1,3.0,0.507,0.493,0.52
A0160,1,Mortgage,Senior,Retail,South,Near-Prime,632064.0,148088.0,143,9.35,28,0,3.0,0.561,0.439,0.541
A0161,0,Corporate,Senior,SME,West,Near-Prime,192260.0,286142.0,587,10.72,13,1,0.67,0.221,0.779,0.217
A0162,0,Mortgage,Senior,Retail,South,Near-Prime,114594.0,220927.0,656,5.56,12,0,0.52,0.374,0.626,0.389
A0163,0,Mortgage,Senior,Retail,West,Prime,814722.0,173359.0,575,12.94,8,1,3.0,0.426,0.574,0.415
A0164,0,Corporate,Subordinated,SME,North,Subprime,582969.0,373226.0,344,15.79,15,1,1.56,0.679,0.321,0.662
A0165,0,Mortgage,Senior,Retail,North,Subprime,622102.0,446755.0,268,6.87,26,0,1.39,0.383,0.617,0.347
A0166,1,Corporate,Subordinated,SME,West,Near-Prime,783647.0,378395.0,695,10.37,12,1,2.07,0.567,0.433,0.559
A0167,0,Corporate,Senior,Corporate,North,Prime,706244.0,166000.0,267,17.63,27,0,3.0,0.522,0.478,0.537
A0168,0,Vehicle,Senior,Retail,South,Subprime,836114.0,372221.0,168,8.0,18,1,2.25,0.53,0.47,0.513
A0169,0,Mortgage,Senior,Corporate,South,Near-Prime,65652.0,75990.0,32,11.93,27,0,0.86,0.387,0.613,0.387
A0170,0,Mortgage,Senior,SME,East,Near-Prime,750045.0,65159.0,376,4.35,9,1,3.0,0.318,0.682,0.314
A0171,0,Corporate,Senior,SME,North,Prime,852344.0,172814.0,213,12.09,1,0,3.0,0.59,0.41,0.577
A0172,0,None,Senior,Retail,South,Subprime,293274.0,403851.0,561,4.34,7,1,0.73,0.394,0.606,0.411
A0173,0,Corporate,Senior,Retail,West,Near-Prime,644043.0,123174.0,439,17.39,26,0,3.0,0.632,0.368,0.665
A0174,0,Mortgage,Subordinated,Retail,North,Prime,321020.0,31627.0,491,13.73,7,0,3.0,0.783,0.217,0.803
A0175,0,Corporate,Senior,Retail,South,Prime,958391.0,65855.0,392,14.82,7,0,3.0,0.473,0.527,0.459
A0176,0,Vehicle,Subordinated,Retail,North,Subprime,43089.0,429372.0,488,13.56,8,1,0.1,0.491,0.509,0.531
A0177,0,Corporate,Senior,SME,West,Prime,583995.0,316892.0,28,11.85,16,0,1.84,0.533,0.467,0.553
A0178,0,Mortgage,Senior,Corporate,South,Subprime,174839.0,126601.0,38,9.75,3,0,1.38,0.383,0.617,0.374
A0179,1,Corporate,Senior,Corporate,East,Near-Prime,715098.0,277648.0,611,15.88,10,0,2.58,0.579,0.421,0.563
A0180,0,Vehicle,Senior,SME,East,Near-Prime,184131.0,263790.0,172,17.35,7,1,0.7,0.221,0.779,0.243
A0181,0,None,Senior,Retail,North,Prime,243029.0,327718.0,16,10.49,21,0,0.74,0.444,0.556,0.447
A0182,0,Mortgage,Senior,Retail,West,Prime,499427.0,116594.0,55,16.97,31,0,3.0,0.599,0.401,0.582
A0183,1,Corporate,Senior,Retail,South,Subprime,915687.0,432201.0,225,11.75,23,0,2.12,0.62,0.38,0.617
A0184,1,None,Senior,Retail,West,Prime,219597.0,154684.0,557,11.08,27,0,1.42,0.499,0.501,0.491
A0185,0,Mortgage,Senior,SME,South,Near-Prime,152798.0,347066.0,66,9.82,22,0,0.44,0.344,0.656,0.328
A0186,0,None,Subordinated,SME,North,Prime,761387.0,8062.0,196,6.14,27,0,3.0,0.949,0.051,0.969
A0187,1,Corporate,Subordinated,Retail,South,Prime,505613.0,186329.0,653,3.06,4,1,2.71,0.624,0.376,0.64
A0188,0,Mortgage,Subordinated,Retail,West,Prime,912667.0,175855.0,22,6.62,24,1,3.0,0.549,0.451,0.566
A0189,0,Mortgage,Subordinated,Corporate,West,Near-Prime,155148.0,271742.0,605,10.65,23,0,0.57,0.665,0.335,0.681
A0190,0,Corporate,Senior,Corporate,North,Subprime,649469.0,36368.0,236,8.7,19,0,3.0,0.675,0.325,0.657
A0191,0,Mortgage,Senior,Retail,West,Prime,240550.0,395066.0,565,9.73,3,0,0.61,0.392,0.608,0.38
A0192,1,Vehicle,Subordinated,Corporate,South,Prime,165193.0,108890.0,137,17.71,27,0,1.52,0.761,0.239,0.79
A0193,1,Mortgage,Senior,Public,North,Prime,686595.0,338519.0,472,8.25,3,1,2.03,0.294,0.706,0.296
A0194,0,Corporate,Senior,Retail,South,Near-Prime,597748.0,401606.0,552,9.78,28,0,1.49,0.409,0.591,0.38
A0195,0,Mortgage,Senior,Retail,West,Prime,757279.0,280938.0,609,5.0,17,0,2.7,0.492,0.508,0.496
A0196,0,None,Senior,SME,North,Subprime,316368.0,370442.0,694,3.72,31,0,0.85,0.607,0.393,0.62
A0197,1,None,Senior,Corporate,South,Near-Prime,453492.0,330930.0,639,14.63,10,1,1.37,0.351,0.649,0.361
A0198,1,None,Subordinated,Corporate,West,Near-Prime,411417.0,177765.0,228,11.56,22,0,2.31,0.944,0.056,0.925
A0199,1,Corporate,Senior,Retail,West,Prime,984249.0,404429.0,316,14.41,30,0,2.43,0.609,0.391,0.647
A0200,1,Mortgage,Senior,Retail,East,Subprime,299326.0,147351.0,597,5.25,21,0,2.03,0.636,0.364,0.606
A0201,0,Corporate,Subordinated,SME,West,Prime,301869.0,285606.0,611,11.58,23,1,1.06,0.336,0.664,0.338
A0202,0,Mortgage,Senior,SME,South,Prime,361003.0,372699.0,560,6.8,12,1,0.97,0.169,0.831,0.204
A0203,0,Mortgage,Senior,Retail,North,Near-Prime,568948.0,189478.0,200,6.42,25,0,3.0,0.56,0.44,0.572
A0204,1,Mortgage,Senior,Corporate,East,Near-Prime,259800.0,151384.0,257,3.17,20,0,1.72,0.684,0.316,0.701
A0205,0,Vehicle,Senior,SME,West,Prime,916137.0,229673.0,479,4.96,7,1,3.0,0.303,0.697,0.282
A0206,0,Corporate,Subordinated,Corporate,West,Prime,273029.0,408982.0,177,7.64,29,0,0.67,0.587,0.413,0.594
A0207,0,Corporate,Senior,Corporate,West,Near-Prime,896858.0,464961.0,122,4.75,29,0,1.93,0.513,0.487,0.512
A0208,0,Vehicle,Subordinated,Corporate,South,Prime,112440.0,272542.0,341,17.79,13,0,0.41,0.593,0.407,0.57
A0209,0,Mortgage,Senior,SME,East,Subprime,659997.0,330733.0,170,7.63,3,0,2.0,0.641,0.359,0.658
A0210,0,None,Subordinated,SME,South,Near-Prime,907916.0,451637.0,647,4.95,2,0,2.01,0.906,0.094,0.89
A0211,0,Vehicle,Subordinated,Retail,East,Prime,177062.0,49273.0,58,5.99,16,1,3.0,0.623,0.377,0.609
A0212,0,Vehicle,Subordinated,SME,North,Prime,968644.0,116039.0,704,11.82,30,0,3.0,0.789,0.211,0.798
A0213,0,Mortgage,Senior,Retail,South,Prime,458355.0,354450.0,464,3.96,6,0,1.29,0.417,0.583,0.414
A0214,0,Corporate,Subordinated,SME,South,Near-Prime,946258.0,411872.0,259,15.94,7,1,2.3,0.568,0.432,0.571
A0215,1,Corporate,Senior,Retail,North,Near-Prime,680052.0,428515.0,372,17.42,5,0,1.59,0.643,0.357,0.639
A0216,0,Mortgage,Senior,Retail,East,Prime,308571.0,207554.0,94,6.7,7,0,1.49,0.364,0.636,0.392
A0217,0,Mortgage,Subordinated,Retail,West,Near-Prime,196419.0,44670.0,124,9.75,34,0,3.0,0.864,0.136,0.845
A0218,1,Corporate,Senior,Retail,North,Subprime,310698.0,218891.0,40,3.33,32,1,1.42,0.256,0.744,0.247
A0219,0,Corporate,Subordinated,Corporate,West,Prime,102087.0,115367.0,253,12.61,13,1,0.88,0.361,0.639,0.371
A0220,1,Mortgage,Senior,Corporate,West,Subprime,152429.0,145598.0,6,9.21,30,1,1.05,0.237,0.763,0.217
A0221,0,None,Senior,SME,North,Prime,113614.0,386134.0,470,7.05,25,1,0.29,0.231,0.769,0.21
A0222,0,Mortgage,Senior,Retail,East,Prime,428714.0,37764.0,510,6.1,21,0,3.0,0.544,0.456,0.547
A0223,0,Vehicle,Senior,Retail,West,Prime,797623.0,413791.0,580,12.81,21,0,1.93,0.559,0.441,0.576
A0224,0,None,Senior,Retail,North,Prime,149970.0,213835.0,68,9.24,28,1,0.7,0.302,0.698,0.322
A0225,0,Vehicle,Senior,Retail,South,Prime,139017.0,298032.0,80,5.69,20,0,0.47,0.417,0.583,0.419
A0226,0,Corporate,Senior,Corporate,South,Prime,646995.0,44826.0,541,13.34,34,0,3.0,0.543,0.457,0.53
A0227,1,Mortgage,Senior,Retail,South,Subprime,205211.0,168680.0,584,11.48,5,0,1.22,0.355,0.645,0.361
A0228,0,Mortgage,Senior,Retail,North,Subprime,106634.0,44850.0,261,15.88,18,0,2.38,0.827,0.173,0.838
A0229,1,None,Senior,Retail,South,Near-Prime,175180.0,480772.0,88,4.76,11,1,0.36,0.265,0.735,0.27
A0230,0,Vehicle,Senior,Retail,West,Prime,924494.0,403631.0,207,14.78,17,0,2.29,0.598,0.402,0.623
A0231,1,None,Senior,SME,South,Prime,823257.0,229816.0,212,13.1,22,0,3.0,0.625,0.375,0.605
A0232,0,Mortgage,Senior,SME,South,Prime,360524.0,111801.0,265,4.73,20,1,3.0,0.362,0.638,0.348
A0233,0,Mortgage,Subordinated,Retail,West,Near-Prime,659263.0,466728.0,292,13.42,6,0,1.41,0.56,0.44,0.582
A0234,0,Mortgage,Subordinated,Retail,South,Subprime,541903.0,172298.0,206,9.62,34,0,3.0,0.759,0.241,0.73
A0235,0,Corporate,Senior,Retail,West,Prime,680353.0,80492.0,332,17.17,14,0,3.0,0.536,0.464,0.525
A0236,1,Mortgage,Senior,Retail,South,Prime,685844.0,281582.0,76,5.12,23,1,2.44,0.347,0.653,0.332
A0237,0,None,Subordinated,Retail,West,Near-Prime,632447.0,471887.0,287,12.64,20,1,1.34,0.539,0.461,0.508
A0238,0,Vehicle,Senior,Public,South,Prime,273440.0,1915.0,46,8.73,13,1,3.0,0.362,0.638,0.358
A0239,0,None,Senior,SME,West,Prime,48616.0,119062.0,621,17.35,32,1,0.41,0.287,0.713,0.302
A0240,0,Mortgage,Senior,SME,North,Near-Prime,461011.0,469224.0,199,7.95,26,0,0.98,0.353,0.647,0.356
A0241,1,None,Subordinated,SME,West,Near-Prime,892064.0,85543.0,426,17.43,14,1,3.0,0.759,0.241,0.775
A0242,1,Corporate,Senior,SME,South,Prime,573802.0,56622.0,209,16.52,8,1,3.0,0.348,0.652,0.372
A0243,1,Corporate,Senior,SME,South,Prime,834067.0,285094.0,419,7.06,22,0,2.93,0.541,0.459,0.533
A0244,0,Corporate,Subordinated,SME,East,Subprime,991708.0,430922.0,153,15.05,22,0,2.3,0.855,0.145,0.908
A0245,0,Corporate,Subordinated,Corporate,West,Prime,171980.0,238555.0,521,17.93,16,1,0.72,0.43,0.57,0.423
A0246,1,Corporate,Senior,Retail,North,Prime,694860.0,497282.0,414,6.79,27,1,1.4,0.136,0.864,0.132
A0247,0,Mortgage,Senior,SME,West,Prime,677551.0,339586.0,352,9.55,10,1,2.0,0.332,0.668,0.318
A0248,1,Mortgage,Subordinated,SME,West,Prime,980156.0,37037.0,156,10.8,25,1,3.0,0.626,0.374,0.637
A0249,1,None,Senior,Corporate,North,Prime,985745.0,496416.0,260,7.42,31,0,1.99,0.711,0.289,0.705
A0250,1,Corporate,Senior,SME,West,Subprime,689812.0,203947.0,76,3.23,21,0,3.0,0.615,0.385,0.613
A0251,0,Corporate,Senior,SME,North,Prime,251179.0,143701.0,487,6.3,27,0,1.75,0.613,0.387,0.609
A0252,0,Vehicle,Subordinated,Retail,North,Prime,800570.0,278940.0,130,7.23,17,0,2.87,0.741,0.259,0.736
A0253,1,Mortgage,Senior,SME,West,Near-Prime,115959.0,152154.0,578,9.65,33,1,0.76,0.098,0.902,0.101
A0254,0,Mortgage,Subordinated,Retail,West,Near-Prime,782892.0,43229.0,454,5.57,31,0,3.0,0.833,0.167,0.824
A0255,0,Corporate,Subordinated,Retail,South,Subprime,911094.0,714.0,162,16.1,26,0,3.0,0.988,0.012,0.98
A0256,0,Vehicle,Senior,Retail,South,Subprime,389005.0,224792.0,14,13.57,21,0,1.73,0.621,0.379,0.642
A0257,1,Mortgage,Senior,SME,East,Prime,634329.0,418432.0,231,4.28,1,0,1.52,0.571,0.429,0.565
A0258,0,Vehicle,Senior,Retail,East,Near-Prime,435841.0,286158.0,194,12.75,4,0,1.52,0.49,0.51,0.498
A0259,0,Mortgage,Senior,Retail,West,Prime,443387.0,499604.0,541,12.8,4,0,0.89,0.304,0.696,0.286
A0260,0,Vehicle,Senior,Corporate,North,Subprime,317267.0,143423.0,358,17.34,26,0,2.21,0.707,0.293,0.698
A0261,0,Mortgage,Subordinated,Retail,East,Prime,764508.0,140228.0,330,3.05,4,0,3.0,0.818,0.182,0.793
A0262,1,Corporate,Senior,SME,West,Subprime,936815.0,79875.0,426,6.72,9,1,3.0,0.508,0.492,0.545
A0263,0,Mortgage,Subordinated,SME,East,Near-Prime,941343.0,82032.0,496,16.92,30,0,3.0,0.854,0.146,0.882
A0264,0,Vehicle,Senior,Retail,North,Prime,183033.0,142593.0,485,16.98,4,0,1.28,0.246,0.754,0.258
A0265,1,Mortgage,Senior,Corporate,West,Near-Prime,875996.0,396420.0,448,13.81,5,0,2.21,0.49,0.51,0.533
A0266,1,Mortgage,Senior,Retail,North,Subprime,740057.0,452878.0,412,14.49,23,0,1.63,0.664,0.336,0.679
A0267,0,Mortgage,Senior,SME,West,Subprime,260309.0,487544.0,329,4.37,16,0,0.53,0.365,0.635,0.362
A0268,1,Vehicle,Senior,SME,East,Prime,76612.0,116145.0,146,10.71,22,1,0.66,0.097,0.903,0.104
A0269,0,Corporate,Senior,SME,South,Near-Prime,275317.0,440649.0,258,6.47,8,1,0.62,0.221,0.779,0.248
A0270,0,Mortgage,Senior,SME,East,Prime,913086.0,164128.0,291,5.72,33,0,3.0,0.523,0.477,0.505
A0271,1,Corporate,Senior,Retail,East,Prime,636847.0,56420.0,142,15.15,16,0,3.0,0.586,0.414,0.563
A0272,1,None,Senior,Retail,South,Prime,723844.0,435012.0,626,5.03,5,1,1.66,0.499,0.501,0.507
A0273,1,Corporate,Senior,Corporate,South,Prime,264581.0,318053.0,364,10.03,16,1,0.83,0.116,0.884,0.104
A0274,1,Mortgage,Senior,SME,West,Subprime,722194.0,82365.0,89,17.08,7,0,3.0,0.567,0.433,0.522
A0275,0,Vehicle,Subordinated,Corporate,West,Prime,37840.0,214916.0,719,5.79,1,0,0.18,0.612,0.388,0.587
A0276,0,Mortgage,Senior,Corporate,North,Subprime,381568.0,143629.0,163,17.67,9,0,2.66,0.723,0.277,0.717
A0277,1,Mortgage,Senior,Corporate,North,Prime,630486.0,368397.0,480,17.91,18,0,1.71,0.517,0.483,0.518
A0278,0,None,Senior,SME,East,Prime,154636.0,226708.0,83,11.33,3,0,0.68,0.503,0.497,0.505
A0279,1,Mortgage,Senior,Retail,South,Prime,824774.0,494640.0,76,5.55,24,0,1.67,0.474,0.526,0.514
A0280,1,Vehicle,Senior,Corporate,North,Prime,242681.0,27372.0,672,7.74,28,0,3.0,0.516,0.484,0.512
A0281,1,Corporate,Senior,SME,East,Prime,655758.0,177508.0,516,9.37,10,0,3.0,0.567,0.433,0.573
A0282,0,Corporate,Senior,Retail,South,Prime,411145.0,240950.0,484,7.64,9,1,1.71,0.387,0.613,0.354
A0283,0,Vehicle,Senior,Corporate,West,Near-Prime,600083.0,251567.0,589,7.21,13,1,2.39,0.378,0.622,0.377
A0284,0,Mortgage,Senior,Corporate,East,Prime,116376.0,157968.0,602,17.58,35,0,0.74,0.248,0.752,0.255
A0285,0,Mortgage,Senior,SME,West,Prime,26744.0,364620.0,598,5.3,23,1,0.07,0.127,0.873,0.099
A0286,0,Vehicle,Senior,Retail,North,Prime,910469.0,437374.0,103,14.0,17,0,2.08,0.502,0.498,0.483
A0287,0,Mortgage,Subordinated,Retail,North,Subprime,276934.0,469360.0,451,3.01,7,1,0.59,0.485,0.515,0.495
A0288,0,Mortgage,Senior,Corporate,South,Subprime,821480.0,402547.0,486,11.94,16,0,2.04,0.644,0.356,0.633
A0289,0,Mortgage,Senior,Corporate,East,Prime,999357.0,425290.0,338,16.74,20,0,2.35,0.603,0.397,0.601
A0290,0,Mortgage,Senior,Retail,West,Prime,219317.0,275273.0,686,7.32,24,0,0.8,0.365,0.635,0.376
A0291,0,Mortgage,Senior,Retail,South,Prime,272519.0,412944.0,565,5.78,5,0,0.66,0.421,0.579,0.462
A0292,0,Mortgage,Senior,Corporate,North,Subprime,666231.0,151752.0,477,12.78,6,1,3.0,0.415,0.585,0.411
A0293,1,Vehicle,Senior,Retail,North,Prime,965794.0,199239.0,606,13.69,28,0,3.0,0.479,0.521,0.514
A0294,0,Corporate,Senior,SME,East,Prime,916656.0,158457.0,222,13.32,5,0,3.0,0.623,0.377,0.584
A0295,0,Corporate,Senior,Public,West,Prime,507847.0,233694.0,8,7.79,2,0,2.17,0.572,0.428,0.575
A0296,0,Mortgage,Senior,Retail,East,Prime,797159.0,142790.0,52,6.78,21,0,3.0,0.513,0.487,0.506
A0297,1,Mortgage,Senior,SME,West,Prime,144388.0,480806.0,76,17.34,18,0,0.3,0.372,0.628,0.361
A0298,0,Mortgage,Senior,Retail,West,Near-Prime,977664.0,156422.0,717,16.85,12,0,3.0,0.592,0.408,0.605
A0299,0,Corporate,Senior,Retail,East,Prime,964710.0,49022.0,502,9.86,17,1,3.0,0.356,0.644,0.352
A0300,0,Corporate,Senior,Corporate,South,Near-Prime,172092.0,263409.0,315,15.69,15,1,0.65,0.114,0.886,0.074
A0301,0,Mortgage,Subordinated,SME,East,Prime,306429.0,28550.0,623,9.78,7,1,3.0,0.578,0.422,0.546
A0302,0,None,Senior,Public,East,Prime,109153.0,55272.0,164,9.37,14,0,1.97,0.715,0.285,0.729
A0303,0,Mortgage,Senior,SME,North,Subprime,279000.0,109695.0,278,5.35,1,1,2.54,0.46,0.54,0.427
A0304,0,Vehicle,Senior,Retail,North,Prime,817796.0,232175.0,26,9.4,3,0,3.0,0.611,0.389,0.626
A0305,1,Corporate,Subordinated,Retail,East,Subprime,384532.0,216625.0,69,11.06,31,0,1.78,0.886,0.114,0.888
A0306,1,None,Senior,Retail,East,Near-Prime,97513.0,399846.0,217,3.34,13,0,0.24,0.452,0.548,0.449
A0307,0,Corporate,Senior,Retail,North,Prime,348803.0,369737.0,364,9.66,18,1,0.94,0.279,0.721,0.277
A0308,0,Corporate,Senior,Retail,West,Subprime,981570.0,213159.0,700,14.72,17,1,3.0,0.459,0.541,0.469
A0309,1,Mortgage,Senior,Retail,East,Prime,633387.0,166852.0,305,13.2,17,1,3.0,0.392,0.608,0.368
A0310,0,Corporate,Senior,SME,South,Subprime,421999.0,158234.0,123,12.53,11,1,2.67,0.476,0.524,0.477
A0311,0,Mortgage,Senior,Corporate,South,Prime,174873.0,386998.0,18,16.64,20,1,0.45,0.159,0.841,0.136
A0312,0,None,Subordinated,SME,South,Subprime,986315.0,26036.0,256,3.27,10,1,3.0,0.839,0.161,0.842
A0313,0,Vehicle,Senior,Corporate,East,Prime,822641.0,6411.0,295,11.36,29,0,3.0,0.41,0.59,0.423
A0314,1,Corporate,Senior,Retail,West,Near-Prime,288663.0,397772.0,21,14.81,34,0,0.73,0.297,0.703,0.3
A0315,1,Vehicle,Subordinated,Retail,West,Near-Prime,79368.0,238573.0,449,11.12,17,0,0.33,0.616,0.384,0.628
A0316,0,Corporate,Senior,SME,North,Subprime,66059.0,65441.0,551,7.86,13,0,1.01,0.314,0.686,0.3
A0317,0,Vehicle,Senior,SME,East,Subprime,129174.0,117783.0,549,5.04,27,0,1.1,0.454,0.546,0.453
A0318,0,Corporate,Senior,Retail,West,Subprime,584961.0,466252.0,47,16.31,26,0,1.25,0.483,0.517,0.478
A0319,0,Mortgage,Senior,Corporate,East,Subprime,929476.0,429751.0,694,10.06,28,0,2.16,0.692,0.308,0.686
A0320,0,Mortgage,Senior,Corporate,North,Prime,501776.0,354893.0,586,16.17,13,1,1.41,0.18,0.82,0.164
A0321,0,Mortgage,Subordinated,SME,North,Prime,844516.0,241113.0,182,11.79,12,1,3.0,0.648,0.352,0.639
A0322,1,Mortgage,Senior,Retail,North,Prime,451428.0,260162.0,434,13.11,28,0,1.74,0.63,0.37,0.608
A0323,0,None,Senior,Corporate,South,Prime,711498.0,487622.0,106,15.06,2,0,1.46,0.555,0.445,0.521
A0324,0,Mortgage,Senior,SME,East,Prime,734554.0,482885.0,187,12.89,34,0,1.52,0.56,0.44,0.546
A0325,1,None,Subordinated,Corporate,North,Near-Prime,182224.0,107635.0,85,8.97,23,0,1.69,0.943,0.057,0.956
A0326,1,Mortgage,Subordinated,Corporate,East,Prime,367604.0,405552.0,455,10.7,29,1,0.91,0.406,0.594,0.411
A0327,0,Mortgage,Subordinated,Corporate,South,Near-Prime,640929.0,98621.0,136,15.05,35,0,3.0,0.786,0.214,0.761
A0328,0,Corporate,Senior,SME,South,Prime,79990.0,106769.0,335,8.6,11,0,0.75,0.406,0.594,0.398
A0329,0,Corporate,Senior,Retail,North,Prime,367925.0,338047.0,606,8.82,33,1,1.09,0.179,0.821,0.193
A0330,0,Vehicle,Senior,SME,North,Near-Prime,539451.0,202501.0,468,4.44,11,1,2.66,0.331,0.669,0.322
A0331,0,Vehicle,Senior,SME,West,Near-Prime,996262.0,465772.0,601,16.72,9,0,2.14,0.616,0.384,0.588
A0332,1,Corporate,Senior,Corporate,East,Near-Prime,479788.0,44505.0,570,4.37,14,1,3.0,0.335,0.665,0.38
A0333,0,Mortgage,Senior,Retail,North,Near-Prime,817896.0,255763.0,402,12.72,9,0,3.0,0.503,0.497,0.5
A0334,0,None,Senior,Retail,West,Prime,437747.0,459261.0,539,9.2,3,0,0.95,0.499,0.501,0.476
A0335,0,None,Senior,Corporate,East,Near-Prime,798427.0,452057.0,71,9.08,29,0,1.77,0.659,0.341,0.662
A0336,0,Corporate,Senior,Corporate,North,Prime,599461.0,78265.0,23,13.19,19,0,3.0,0.597,0.403,0.595
A0337,1,Mortgage,Senior,Corporate,West,Prime,887729.0,183319.0,623,4.01,32,0,3.0,0.508,0.492,0.477
A0338,1,Corporate,Senior,Corporate,West,Prime,416833.0,309561.0,484,11.91,7,0,1.35,0.344,0.656,0.346
A0339,0,Mortgage,Senior,SME,East,Prime,608261.0,79697.0,55,14.58,28,0,3.0,0.597,0.403,0.617
A0340,0,Mortgage,Senior,SME,West,Prime,633718.0,484011.0,222,15.42,18,1,1.31,0.114,0.886,0.109
A0341,0,Mortgage,Subordinated,Corporate,East,Subprime,423209.0,457375.0,631,5.56,5,0,0.93,0.721,0.279,0.68
A0342,0,Vehicle,Senior,SME,East,Subprime,152869.0,83475.0,178,16.46,23,0,1.83,0.601,0.399,0.608
A0343,0,None,Senior,SME,East,Prime,102624.0,60578.0,433,12.84,22,1,1.69,0.512,0.488,0.524
A0344,0,Corporate,Senior,Retail,South,Prime,26505.0,42704.0,449,16.23,26,0,0.62,0.378,0.622,0.366
A0345,0,Corporate,Subordinated,SME,West,Prime,874799.0,454722.0,491,10.28,12,1,1.92,0.598,0.402,0.586
A0346,0,Vehicle,Senior,Corporate,East,Prime,244110.0,96812.0,188,11.13,19,0,2.52,0.552,0.448,0.597
A0347,0,Mortgage,Senior,Retail,North,Subprime,219392.0,208142.0,577,16.79,1,0,1.05,0.472,0.528,0.459
A0348,0,Mortgage,Senior,Retail,South,Prime,738675.0,224426.0,419,16.5,3,0,3.0,0.536,0.464,0.514
A0349,0,None,Senior,Retail,South,Near-Prime,326816.0,299506.0,248,9.72,27,0,1.09,0.544,0.456,0.545
A0350,0,Mortgage,Senior,Retail,West,Prime,510984.0,35868.0,587,7.12,18,0,3.0,0.619,0.381,0.63
A0351,0,None,Senior,Retail,East,Subprime,170886.0,113379.0,648,8.9,30,0,1.51,0.754,0.246,0.765
A0352,1,Vehicle,Subordinated,SME,West,Prime,960148.0,465745.0,163,8.82,2,0,2.06,0.888,0.112,0.839
A0353,0,Vehicle,Senior,Corporate,South,Near-Prime,853066.0,454205.0,254,7.3,5,0,1.88,0.535,0.465,0.522
A0354,0,Corporate,Subordinated,SME,East,Prime,865152.0,390645.0,475,7.03,29,0,2.21,0.9,0.1,0.923
A0355,0,Vehicle,Senior,Retail,North,Near-Prime,412706.0,9701.0,416,15.92,33,0,3.0,0.536,0.464,0.543
A0356,0,None,Senior,Retail,East,Prime,764738.0,163503.0,169,4.05,20,0,3.0,0.735,0.265,0.71
A0357,0,None,Subordinated,SME,South,Prime,152437.0,313979.0,316,13.16,30,0,0.49,0.785,0.215,0.81
A0358,0,Vehicle,Senior,Retail,North,Subprime,18533.0,137595.0,173,5.59,5,0,0.13,0.431,0.569,0.45
A0359,1,Mortgage,Senior,Corporate,East,Subprime,29773.0,454793.0,469,8.17,21,0,0.07,0.454,0.546,0.448
A0360,0,Vehicle,Senior,SME,North,Subprime,590736.0,316945.0,344,3.92,15,1,1.86,0.522,0.478,0.54
A0361,0,None,Senior,Corporate,North,Near-Prime,460841.0,35953.0,444,7.05,20,0,3.0,0.684,0.316,0.724
A0362,0,Mortgage,Senior,Retail,South,Subprime,522835.0,454503.0,17,14.53,8,1,1.15,0.229,0.771,0.208
A0363,0,Corporate,Senior,SME,North,Prime,17389.0,478883.0,69,16.28,31,0,0.04,0.292,0.708,0.303
A0364,0,Corporate,Senior,Retail,West,Prime,428460.0,38856.0,337,6.32,12,0,3.0,0.628,0.372,0.668
A0365,1,Corporate,Senior,Corporate,South,Prime,720887.0,266180.0,627,9.95,21,0,2.71,0.526,0.474,0.539
A0366,0,Mortgage,Senior,SME,West,Near-Prime,448267.0,151682.0,591,10.05,30,1,2.96,0.41,0.59,0.395
A0367,1,Corporate,Senior,Retail,North,Prime,734897.0,196420.0,526,16.1,27,0,3.0,0.52,0.48,0.525
A0368,1,None,Senior,Retail,West,Prime,240689.0,89826.0,687,14.44,26,0,2.68,0.758,0.242,0.785
A0369,0,Mortgage,Senior,Retail,East,Near-Prime,815011.0,289036.0,455,10.7,33,0,2.82,0.59,0.41,0.57
A0370,0,Mortgage,Senior,SME,North,Subprime,592547.0,478990.0,268,13.06,26,0,1.24,0.439,0.561,0.438
A0371,0,None,Senior,Retail,East,Prime,218655.0,251536.0,630,15.71,26,0,0.87,0.463,0.537,0.458
A0372,0,Mortgage,Subordinated,SME,West,Prime,244353.0,41457.0,187,3.14,1,0,3.0,0.767,0.233,0.754
A0373,0,None,Senior,Retail,East,Prime,631750.0,310001.0,568,9.04,15,0,2.04,0.667,0.333,0.672
A0374,0,Vehicle,Senior,SME,North,Prime,831640.0,170111.0,710,16.61,1,0,3.0,0.603,0.397,0.601
A0375,0,Mortgage,Senior,Corporate,East,Prime,421472.0,427963.0,528,14.1,11,0,0.98,0.358,0.642,0.371
A0376,0,None,Senior,Corporate,West,Near-Prime,265717.0,217339.0,433,11.14,2,1,1.22,0.244,0.756,0.267
A0377,1,Vehicle,Senior,Corporate,West,Near-Prime,868341.0,96420.0,287,10.94,1,1,3.0,0.337,0.663,0.312
A0378,0,Vehicle,Subordinated,Retail,West,Near-Prime,672576.0,95553.0,566,8.22,31,0,3.0,0.793,0.207,0.794
A0379,1,Mortgage,Senior,Retail,North,Prime,453605.0,384382.0,498,10.81,16,0,1.18,0.243,0.757,0.242
A0380,0,Vehicle,Subordinated,SME,West,Subprime,493021.0,132794.0,440,12.83,22,1,3.0,0.69,0.31,0.694
A0381,0,Mortgage,Subordinated,Retail,North,Prime,212214.0,383617.0,302,9.28,18,0,0.55,0.636,0.364,0.636
A0382,0,Mortgage,Subordinated,SME,East,Prime,630535.0,102944.0,86,13.71,17,0,3.0,0.793,0.207,0.773
A0383,0,None,Subordinated,Retail,West,Subprime,365155.0,160843.0,437,15.92,30,1,2.27,0.863,0.137,0.892
A0384,1,Mortgage,Senior,Retail,East,Prime,995689.0,232743.0,540,5.32,10,0,3.0,0.574,0.426,0.612
A0385,1,Corporate,Senior,Retail,South,Prime,485382.0,471598.0,21,9.77,35,0,1.03,0.333,0.667,0.344
A0386,1,Mortgage,Senior,Corporate,East,Subprime,491027.0,465866.0,559,9.12,21,1,1.05,0.287,0.713,0.299
A0387,0,Corporate,Senior,Retail,South,Prime,570193.0,103436.0,516,13.31,16,0,3.0,0.623,0.377,0.626
A0388,0,Mortgage,Senior,SME,East,Near-Prime,917588.0,179110.0,674,6.75,6,1,3.0,0.274,0.726,0.293
A0389,1,None,Senior,Retail,North,Prime,802810.0,74700.0,502,12.6,3,1,3.0,0.483,0.517,0.434
A0390,1,Vehicle,Senior,SME,East,Near-Prime,456619.0,254993.0,713,16.16,21,1,1.79,0.466,0.534,0.466
A0391,1,Mortgage,Senior,Retail,North,Prime,721512.0,230291.0,466,9.27,13,0,3.0,0.559,0.441,0.548
A0392,0,Mortgage,Senior,Corporate,North,Prime,590373.0,450380.0,100,16.67,18,0,1.31,0.348,0.652,0.351
A0393,0,Mortgage,Senior,Corporate,West,Near-Prime,497443.0,465003.0,582,17.9,24,0,1.07,0.337,0.663,0.359
A0394,1,Vehicle,Senior,Retail,North,Prime,200393.0,191784.0,674,4.59,27,0,1.04,0.414,0.586,0.414
A0395,0,Mortgage,Subordinated,Corporate,South,Prime,469297.0,245869.0,684,6.5,4,0,1.91,0.753,0.247,0.746
A0396,1,Corporate,Senior,Public,West,Prime,253360.0,448118.0,140,17.26,22,0,0.57,0.396,0.604,0.368
A0397,1,Vehicle,Senior,Corporate,West,Prime,915694.0,403354.0,137,17.37,24,0,2.27,0.536,0.464,0.534
A0398,0,Mortgage,Senior,Corporate,East,Prime,342053.0,1828.0,577,4.47,10,0,3.0,0.513,0.487,0.526
A0399,1,Corporate,Senior,Retail,North,Prime,952741.0,160030.0,709,3.22,2,0,3.0,0.538,0.462,0.521
A0400,1,Corporate,Senior,SME,North,Subprime,537725.0,210887.0,227,5.42,6,1,2.55,0.448,0.552,0.408
A0401,0,Mortgage,Senior,Retail,South,Prime,635229.0,114858.0,280,17.94,18,1,3.0,0.325,0.675,0.37
A0402,1,Mortgage,Senior,Retail,East,Prime,547511.0,99786.0,683,5.7,17,1,3.0,0.406,0.594,0.413
A0403,0,Mortgage,Senior,Public,East,Prime,138087.0,18892.0,430,10.54,23,0,3.0,0.513,0.487,0.509
A0404,1,Corporate,Senior,Retail,West,Prime,382063.0,321685.0,39,15.73,30,1,1.19,0.157,0.843,0.185
A0405,0,Corporate,Senior,Corporate,West,Subprime,108155.0,131255.0,518,3.31,21,1,0.82,0.277,0.723,0.28
A0406,1,Vehicle,Senior,Corporate,West,Prime,626725.0,26174.0,685,12.07,10,0,3.0,0.556,0.444,0.583
A0407,0,Corporate,Senior,Corporate,South,Subprime,452405.0,115490.0,662,7.16,13,0,3.0,0.689,0.311,0.714
A0408,0,Corporate,Senior,Public,South,Prime,780205.0,400957.0,210,15.94,12,0,1.95,0.528,0.472,0.503
A0409,1,Vehicle,Subordinated,Retail,West,Near-Prime,228266.0,425745.0,301,7.25,9,0,0.54,0.631,0.369,0.64
A0410,0,None,Senior,Retail,East,Near-Prime,172920.0,241533.0,85,13.3,4,0,0.72,0.533,0.467,0.568
A0411,0,Mortgage,Senior,SME,South,Subprime,412269.0,208035.0,396,13.11,24,0,1.98,0.698,0.302,0.678
A0412,1,Mortgage,Senior,Retail,East,Near-Prime,927320.0,488927.0,252,6.32,34,1,1.9,0.256,0.744,0.236
A0413,1,Mortgage,Senior,Retail,East,Near-Prime,713318.0,100282.0,532,3.52,5,0,3.0,0.575,0.425,0.559
A0414,0,Mortgage,Senior,Retail,North,Prime,424734.0,107680.0,380,9.14,15,0,3.0,0.595,0.405,0.613
A0415,0,Vehicle,Senior,Corporate,West,Prime,522099.0,145934.0,443,7.34,4,1,3.0,0.329,0.671,0.335
A0416,0,None,Subordinated,SME,North,Subprime,93371.0,86379.0,32,15.13,8,0,1.08,0.823,0.177,0.784
A0417,0,Mortgage,Senior,Retail,West,Prime,984730.0,189683.0,259,15.01,24,1,3.0,0.315,0.685,0.322
A0418,0,Mortgage,Senior,SME,West,Prime,669743.0,455417.0,233,9.86,28,0,1.47,0.298,0.702,0.293
A0419,0,Vehicle,Senior,Retail,East,Near-Prime,292550.0,307674.0,514,12.1,27,1,0.95,0.183,0.817,0.181
A0420,1,None,Senior,Retail,West,Prime,589950.0,205973.0,307,12.06,1,0,2.86,0.814,0.186,0.797
A0421,1,Mortgage,Senior,Corporate,East,Subprime,118388.0,467205.0,69,15.41,34,0,0.25,0.422,0.578,0.429
A0422,1,Vehicle,Senior,SME,East,Near-Prime,966178.0,24232.0,453,9.38,17,0,3.0,0.527,0.473,0.548
A0423,0,Mortgage,Subordinated,Corporate,West,Near-Prime,183037.0,105138.0,438,7.13,26,1,1.74,0.601,0.399,0.588
A0424,0,Mortgage,Senior,Retail,East,Subprime,651550.0,282944.0,363,6.98,24,1,2.3,0.37,0.63,0.336
A0425,0,None,Senior,Corporate,East,Prime,253000.0,307776.0,480,11.04,21,0,0.82,0.465,0.535,0.459
A0426,0,None,Subordinated,SME,East,Prime,720386.0,19779.0,143,9.74,30,1,3.0,0.747,0.253,0.762
A0427,0,Mortgage,Senior,SME,South,Prime,779053.0,201519.0,23,9.6,13,0,3.0,0.505,0.495,0.497
A0428,1,None,Subordinated,SME,East,Prime,676686.0,324577.0,424,4.37,3,0,2.08,1.0,0.0,0.97
A0429,0,Corporate,Senior,Corporate,South,Near-Prime,618354.0,349035.0,174,13.78,32,1,1.77,0.285,0.715,0.3
A0430,0,None,Subordinated,SME,South,Subprime,893544.0,319070.0,324,6.21,35,0,2.8,1.0,0.0,1.0
A0431,0,Vehicle,Senior,SME,East,Prime,87840.0,160282.0,670,5.95,19,0,0.55,0.423,0.577,0.423
A0432,1,Vehicle,Subordinated,Public,East,Prime,337606.0,46760.0,347,9.19,14,1,3.0,0.619,0.381,0.587
A0433,0,Vehicle,Subordinated,Corporate,South,Subprime,255805.0,213556.0,17,6.42,22,1,1.2,0.493,0.507,0.487
A0434,0,Corporate,Senior,SME,South,Prime,988134.0,64377.0,43,11.76,17,1,3.0,0.362,0.638,0.365
A0435,0,Mortgage,Subordinated,Corporate,East,Prime,395496.0,473812.0,154,8.57,4,1,0.83,0.378,0.622,0.362
A0436,1,Mortgage,Senior,Retail,East,Prime,735287.0,237585.0,376,9.73,19,0,3.0,0.448,0.552,0.46
A0437,0,Mortgage,Senior,Retail,West,Subprime,687878.0,158630.0,401,11.06,2,1,3.0,0.401,0.599,0.383
A0438,1,Corporate,Senior,SME,South,Near-Prime,219960.0,383152.0,224,6.05,15,0,0.57,0.349,0.651,0.35
A0439,1,Mortgage,Senior,Corporate,South,Near-Prime,246608.0,248974.0,216,5.34,2,1,0.99,0.103,0.897,0.098
A0440,0,Corporate,Senior,Corporate,West,Subprime,288472.0,155017.0,567,16.21,11,0,1.86,0.629,0.371,0.641
A0441,0,None,Senior,Retail,South,Prime,417016.0,405984.0,30,9.51,23,0,1.03,0.524,0.476,0.524
A0442,1,Mortgage,Senior,SME,North,Prime,241982.0,433576.0,58,9.18,10,0,0.56,0.357,0.643,0.353
A0443,0,Corporate,Subordinated,Retail,South,Subprime,29455.0,336504.0,352,3.53,3,0,0.09,0.753,0.247,0.737
A0444,0,Vehicle,Subordinated,Public,West,Prime,880599.0,23482.0,444,10.47,5,0,3.0,0.815,0.185,0.816
A0445,1,None,Senior,Public,North,Near-Prime,965954.0,283161.0,234,11.31,3,1,3.0,0.518,0.482,0.513
A0446,1,Mortgage,Senior,SME,East,Subprime,348155.0,381647.0,106,11.38,13,1,0.91,0.214,0.786,0.197
A0447,1,Corporate,Senior,Corporate,West,Near-Prime,345122.0,68252.0,190,13.61,19,0,3.0,0.483,0.517,0.486
A0448,1,Corporate,Senior,Corporate,West,Near-Prime,17021.0,114335.0,529,5.66,35,1,0.15,0.129,0.871,0.136
A0449,0,None,Senior,SME,East,Subprime,683448.0,441248.0,678,6.78,24,0,1.55,0.764,0.236,0.757
A0450,0,Corporate,Senior,Retail,West,Subprime,827185.0,10061.0,582,15.16,24,0,3.0,0.642,0.358,0.661
A0451,1,Vehicle,Senior,SME,South,Prime,155142.0,376364.0,565,17.21,17,0,0.41,0.297,0.703,0.302
A0452,0,Corporate,Subordinated,SME,East,Prime,168070.0,236887.0,244,5.04,10,1,0.71,0.442,0.558,0.416
A0453,0,None,Senior,SME,West,Prime,792182.0,223386.0,75,10.46,2,1,3.0,0.463,0.537,0.49
A0454,1,Vehicle,Senior,Retail,East,Near-Prime,620128.0,3548.0,546,6.21,23,0,3.0,0.532,0.468,0.547
A0455,0,Mortgage,Senior,Corporate,East,Prime,54412.0,409699.0,266,3.9,6,0,0.13,0.349,0.651,0.369
A0456,0,None,Senior,Retail,East,Near-Prime,626322.0,179912.0,316,7.88,2,0,3.0,0.756,0.244,0.764
A0457,0,Corporate,Senior,SME,North,Prime,315829.0,270383.0,120,5.16,21,0,1.17,0.438,0.562,0.391
A0458,0,Corporate,Senior,SME,West,Near-Prime,375038.0,338650.0,24,13.65,35,0,1.11,0.441,0.559,0.463
A0459,0,Mortgage,Senior,SME,North,Prime,772034.0,351315.0,431,11.01,29,0,2.2,0.486,0.514,0.487
A0460,0,Corporate,Senior,SME,West,Near-Prime,812826.0,477990.0,159,5.16,7,0,1.7,0.531,0.469,0.538
A0461,0,Mortgage,Subordinated,Retail,South,Near-Prime,406353.0,265670.0,595,3.14,29,1,1.53,0.572,0.428,0.583
A0462,0,Corporate,Subordinated,Retail,South,Prime,947681.0,199860.0,113,15.12,23,0,3.0,0.819,0.181,0.858
A0463,1,Mortgage,Senior,SME,South,Prime,412398.0,476852.0,501,5.64,33,0,0.86,0.365,0.635,0.354
A0464,0,Corporate,Senior,SME,West,Near-Prime,774118.0,321055.0,165,12.09,8,0,2.41,0.521,0.479,0.511
A0465,1,None,Senior,Retail,East,Prime,489038.0,149075.0,702,8.05,12,1,3.0,0.467,0.533,0.45
A0466,0,Mortgage,Senior,Corporate,East,Prime,898557.0,63232.0,174,11.78,10,1,3.0,0.3,0.7,0.279
A0467,0,None,Senior,SME,North,Subprime,908684.0,421277.0,0,7.73,15,1,2.16,0.467,0.533,0.446
A0468,1,Vehicle,Senior,SME,North,Near-Prime,96543.0,181091.0,85,4.3,24,0,0.53,0.285,0.715,0.248
A0469,0,None,Senior,Corporate,South,Subprime,937128.0,330235.0,573,6.34,26,1,2.84,0.643,0.357,0.652
A0470,1,Corporate,Senior,Retail,North,Prime,827279.0,235408.0,319,5.82,3,0,3.0,0.623,0.377,0.663
A0471,0,Vehicle,Senior,Retail,West,Prime,793398.0,99465.0,400,9.42,2,0,3.0,0.617,0.383,0.658
A0472,1,Corporate,Subordinated,Corporate,West,Subprime,208902.0,300843.0,381,12.87,6,0,0.69,0.745,0.255,0.728
A0473,0,None,Subordinated,SME,North,Near-Prime,807068.0,30342.0,717,6.96,21,0,3.0,0.899,0.101,0.894
A0474,1,Vehicle,Senior,SME,North,Near-Prime,851631.0,206671.0,616,3.18,9,1,3.0,0.291,0.709,0.316
A0475,0,Mortgage,Senior,Corporate,North,Prime,296259.0,273307.0,317,10.78,10,1,1.08,0.059,0.941,0.068
A0476,1,Corporate,Subordinated,Corporate,North,Prime,952737.0,218023.0,249,12.09,3,0,3.0,0.771,0.229,0.774
A0477,0,Corporate,Senior,Public,South,Prime,59362.0,374336.0,524,17.44,24,0,0.16,0.354,0.646,0.349
A0478,0,Corporate,Subordinated,SME,South,Prime,158410.0,413962.0,674,11.84,22,0,0.38,0.55,0.45,0.574
A0479,1,Corporate,Senior,SME,North,Prime,542205.0,385622.0,554,10.07,14,0,1.41,0.372,0.628,0.351
A0480,0,Vehicle,Subordinated,SME,West,Prime,580035.0,19406.0,622,11.6,27,0,3.0,0.833,0.167,0.843
A0481,0,Corporate,Senior,Retail,South,Subprime,648699.0,97064.0,716,16.92,33,1,3.0,0.426,0.574,0.433
A0482,0,Mortgage,Subordinated,SME,West,Prime,26799.0,268304.0,255,15.43,22,1,0.1,0.333,0.667,0.334
A0483,0,Vehicle,Subordinated,Retail,East,Near-Prime,960763.0,467411.0,306,7.84,29,0,2.06,0.869,0.131,0.885
A0484,0,Mortgage,Senior,Corporate,West,Subprime,54142.0,417478.0,143,6.56,19,1,0.13,0.252,0.748,0.253
A0485,0,Mortgage,Senior,SME,North,Near-Prime,151631.0,421267.0,657,6.94,19,0,0.36,0.447,0.553,0.436
A0486,1,Mortgage,Subordinated,SME,East,Prime,23874.0,151604.0,390,10.57,6,0,0.16,0.605,0.395,0.607
A0487,0,Mortgage,Senior,Retail,South,Near-Prime,571190.0,214724.0,675,14.16,19,0,2.66,0.558,0.442,0.526
A0488,0,Corporate,Subordinated,Retail,South,Near-Prime,932944.0,235353.0,168,10.55,13,0,3.0,0.752,0.248,0.764
A0489,1,Mortgage,Senior,Retail,East,Near-Prime,669288.0,78686.0,297,4.02,26,1,3.0,0.329,0.671,0.346
A0490,1,Vehicle,Senior,SME,West,Near-Prime,824431.0,15534.0,232,13.85,22,0,3.0,0.472,0.528,0.459
A0491,0,Mortgage,Senior,Retail,South,Subprime,23148.0,473451.0,270,15.09,21,0,0.05,0.383,0.617,0.365
A0492,0,Mortgage,Senior,SME,North,Near-Prime,546595.0,120356.0,59,7.34,2,0,3.0,0.587,0.413,0.575
A0493,0,Mortgage,Subordinated,Corporate,East,Prime,464967.0,119974.0,295,12.96,30,1,3.0,0.586,0.414,0.585
A0494,0,Mortgage,Senior,Corporate,North,Near-Prime,503978.0,41690.0,466,9.4,27,0,3.0,0.529,0.471,0.533
A0495,0,Corporate,Senior,SME,East,Prime,81491.0,464254.0,234,16.34,7,1,0.18,0.113,0.887,0.145
A0496,0,Corporate,Senior,Retail,South,Subprime,687591.0,289869.0,676,15.68,20,1,2.37,0.431,0.569,0.461
A0497,0,Corporate,Senior,Corporate,West,Prime,508188.0,333518.0,705,10.88,31,0,1.52,0.607,0.393,0.624
A0498,0,Vehicle,Subordinated,Corporate,East,Prime,767497.0,455788.0,233,13.37,23,0,1.68,0.807,0.193,0.809
A0499,1,Mortgage,Subordinated,Retail,East,Subprime,490438.0,172810.0,367,16.25,13,1,2.84,0.641,0.359,0.622
A0500,1,None,Senior,Corporate,North,Near-Prime,157888.0,310754.0,694,10.44,17,0,0.51,0.552,0.448,0.586
A0501,0,Vehicle,Subordinated,Retail,South,Prime,651774.0,19400.0,231,7.7,4,1,3.0,0.686,0.314,0.681
A0502,0,Vehicle,Subordinated,Corporate,North,Prime,180662.0,93386.0,490,14.3,14,0,1.93,0.825,0.175,0.831
A0503,0,Mortgage,Senior,Public,South,Subprime,873671.0,415623.0,618,6.3,20,0,2.1,0.695,0.305,0.708
A0504,1,Mortgage,Subordinated,Retail,North,Prime,616985.0,383384.0,502,8.83,13,1,1.61,0.661,0.339,0.662
A0505,0,Mortgage,Senior,Corporate,East,Subprime,165632.0,175321.0,591,15.99,3,1,0.94,0.167,0.833,0.19
A0506,0,Mortgage,Senior,SME,North,Prime,962715.0,188405.0,380,13.87,26,1,3.0,0.443,0.557,0.452
A0507,1,Vehicle,Subordinated,Public,West,Near-Prime,523182.0,266777.0,695,9.06,26,0,1.96,0.855,0.145,0.875
A0508,1,Vehicle,Senior,SME,South,Subprime,82169.0,121.0,427,6.22,18,1,3.0,0.474,0.526,0.483
A0509,1,Corporate,Subordinated,Corporate,South,Prime,630565.0,120622.0,696,8.34,32,1,3.0,0.594,0.406,0.593
A0510,1,Corporate,Subordinated,Retail,East,Prime,260667.0,104116.0,645,7.26,14,1,2.5,0.533,0.467,0.534
A0511,0,Corporate,Senior,Retail,South,Prime,805657.0,125241.0,363,5.64,3,0,3.0,0.533,0.467,0.532
A0512,0,Corporate,Subordinated,Retail,West,Near-Prime,819644.0,402953.0,201,14.15,1,0,2.03,0.822,0.178,0.796
A0513,1,None,Senior,Public,North,Near-Prime,979158.0,139837.0,145,6.78,26,1,3.0,0.445,0.555,0.425
A0514,1,Mortgage,Senior,Corporate,East,Near-Prime,506851.0,95761.0,638,9.81,24,0,3.0,0.547,0.453,0.562
A0515,0,Mortgage,Senior,Corporate,West,Prime,460407.0,252132.0,456,8.79,35,0,1.83,0.491,0.509,0.466
A0516,0,Mortgage,Subordinated,Corporate,South,Prime,755941.0,432823.0,134,17.73,14,0,1.75,0.781,0.219,0.773
A0517,0,Corporate,Senior,Retail,South,Prime,141146.0,120675.0,625,8.87,3,0,1.17,0.282,0.718,0.261
A0518,1,None,Senior,Retail,West,Prime,551446.0,39268.0,263,4.2,13,0,3.0,0.627,0.373,0.618
A0519,1,Mortgage,Senior,Retail,North,Near-Prime,550785.0,178202.0,63,4.35,14,0,3.0,0.567,0.433,0.564
A0520,0,None,Senior,Retail,North,Subprime,98578.0,373826.0,490,11.86,21,1,0.26,0.371,0.629,0.363
A0521,0,Mortgage,Senior,Retail,East,Near-Prime,423804.0,275345.0,646,11.99,26,0,1.54,0.526,0.474,0.497
A0522,0,None,Senior,SME,South,Prime,854752.0,408397.0,40,9.28,3,0,2.09,0.668,0.332,0.664
A0523,1,Mortgage,Senior,Retail,West,Subprime,857592.0,479796.0,295,9.48,4,0,1.79,0.786,0.214,0.767
A0524,1,Mortgage,Senior,Retail,North,Near-Prime,108245.0,396331.0,2,3.81,1,0,0.27,0.38,0.62,0.367
A0525,1,Vehicle,Subordinated,Retail,East,Subprime,99814.0,301902.0,705,10.75,33,0,0.33,0.736,0.264,0.751
A0526,0,Mortgage,Senior,Retail,South,Near-Prime,270069.0,246671.0,109,10.57,7,1,1.09,0.111,0.889,0.13
A0527,0,Mortgage,Senior,Public,South,Prime,876018.0,20035.0,220,5.24,11,0,3.0,0.575,0.425,0.549
A0528,0,Mortgage,Subordinated,Corporate,East,Prime,137614.0,492161.0,369,4.56,27,1,0.28,0.389,0.611,0.42
A0529,0,Corporate,Senior,Public,East,Near-Prime,722797.0,191741.0,367,4.85,14,0,3.0,0.511,0.489,0.501
A0530,1,Vehicle,Subordinated,SME,North,Prime,110154.0,76114.0,435,4.52,22,0,1.45,0.696,0.304,0.684
A0531,1,Mortgage,Senior,Retail,West,Prime,626906.0,333354.0,3,12.15,16,0,1.88,0.579,0.421,0.561
A0532,1,Corporate,Subordinated,Corporate,South,Near-Prime,362507.0,142144.0,243,5.95,12,0,2.55,0.826,0.174,0.827
A0533,1,Corporate,Senior,Retail,West,Near-Prime,791025.0,292889.0,165,6.77,10,1,2.7,0.301,0.699,0.341
A0534,0,Mortgage,Senior,Retail,South,Near-Prime,241354.0,293384.0,25,5.6,24,1,0.82,0.086,0.914,0.055
A0535,1,Vehicle,Senior,Retail,South,Prime,642810.0,222865.0,394,17.37,18,0,2.88,0.547,0.453,0.506
A0536,1,Mortgage,Subordinated,Retail,West,Prime,243326.0,418059.0,473,15.82,22,0,0.58,0.571,0.429,0.576
A0537,1,Mortgage,Senior,Retail,East,Near-Prime,716524.0,132484.0,16,6.46,9,0,3.0,0.581,0.419,0.592
A0538,0,Corporate,Senior,Retail,North,Subprime,874941.0,224316.0,91,7.91,17,0,3.0,0.684,0.316,0.685
A0539,0,Mortgage,Subordinated,SME,South,Near-Prime,135534.0,268846.0,482,6.15,13,1,0.5,0.403,0.597,0.415
A0540,0,Vehicle,Subordinated,Retail,East,Subprime,867930.0,331812.0,542,10.38,6,0,2.62,0.941,0.059,0.918
A0541,1,Corporate,Senior,Retail,South,Near-Prime,597640.0,391986.0,204,3.29,21,1,1.52,0.36,0.64,0.341
A0542,0,Mortgage,Subordinated,Corporate,North,Near-Prime,135839.0,197404.0,501,13.07,7,0,0.69,0.556,0.444,0.558
A0543,0,Vehicle,Subordinated,Retail,South,Prime,433266.0,323023.0,399,10.85,25,0,1.34,0.59,0.41,0.625
A0544,0,Mortgage,Senior,Retail,North,Near-Prime,169252.0,75305.0,206,16.48,11,0,2.25,0.557,0.443,0.568
A0545,0,None,Senior,Corporate,North,Near-Prime,703344.0,466324.0,618,5.47,14,0,1.51,0.746,0.254,0.758
A0546,0,Vehicle,Senior,Retail,South,Near-Prime,761279.0,191529.0,145,15.06,29,1,3.0,0.361,0.639,0.34
A0547,0,Corporate,Senior,Retail,South,Prime,114739.0,364761.0,100,14.88,10,0,0.31,0.321,0.679,0.329
A0548,0,Vehicle,Senior,SME,North,Near-Prime,511078.0,10171.0,240,4.91,5,1,3.0,0.398,0.602,0.374
A0549,0,Mortgage,Senior,Retail,East,Prime,816479.0,102594.0,162,8.98,8,0,3.0,0.569,0.431,0.604
A0550,1,Corporate,Senior,SME,West,Near-Prime,936801.0,243541.0,172,5.55,5,1,3.0,0.427,0.573,0.407
A0551,0,None,Senior,Corporate,North,Prime,518383.0,439126.0,501,6.82,24,0,1.18,0.504,0.496,0.488
A0552,1,Corporate,Senior,Retail,South,Subprime,950776.0,263628.0,546,6.95,26,1,3.0,0.398,0.602,0.369
A0553,0,Corporate,Subordinated,SME,South,Prime,540332.0,464935.0,283,11.34,6,1,1.16,0.459,0.541,0.461
A0554,0,None,Subordinated,SME,East,Prime,400249.0,241898.0,358,9.17,16,1,1.65,0.721,0.279,0.722
A0555,1,Mortgage,Senior,Retail,West,Prime,849721.0,245225.0,380,17.22,12,0,3.0,0.565,0.435,0.595
A0556,0,Mortgage,Subordinated,SME,North,Near-Prime,498053.0,59873.0,532,4.9,11,1,3.0,0.609,0.391,0.625
A0557,0,Corporate,Senior,Retail,North,Prime,477183.0,401328.0,162,17.61,3,0,1.19,0.352,0.648,0.336
A0558,0,Vehicle,Senior,SME,West,Prime,495409.0,123483.0,608,6.46,6,0,3.0,0.542,0.458,0.559
A0559,1,Corporate,Senior,Retail,North,Near-Prime,848317.0,449806.0,306,14.59,19,0,1.89,0.467,0.533,0.442
A0560,0,None,Senior,SME,West,Prime,833622.0,455412.0,338,8.08,18,0,1.83,0.65,0.35,0.636
A0561,1,Mortgage,Subordinated,Retail,South,Subprime,409485.0,471655.0,54,5.15,16,1,0.87,0.556,0.444,0.558
A0562,0,Mortgage,Senior,Corporate,West,Subprime,339967.0,260115.0,332,15.87,23,0,1.31,0.471,0.529,0.448
A0563,0,Corporate,Senior,Retail,North,Near-Prime,497009.0,338547.0,126,7.63,9,0,1.47,0.445,0.555,0.466
A0564,0,Mortgage,Senior,SME,West,Prime,577045.0,389258.0,704,12.88,3,0,1.48,0.298,0.702,0.344
A0565,0,Corporate,Senior,SME,East,Near-Prime,245954.0,65507.0,242,11.5,8,0,3.0,0.548,0.452,0.542
A0566,0,Vehicle,Senior,Corporate,South,Prime,796016.0,300479.0,599,10.08,4,0,2.65,0.608,0.392,0.595
A0567,0,Corporate,Senior,SME,South,Prime,491618.0,17149.0,408,10.44,12,0,3.0,0.522,0.478,0.519
A0568,0,Mortgage,Senior,SME,West,Prime,340705.0,248783.0,502,13.98,31,0,1.37,0.326,0.674,0.315
A0569,1,Corporate,Subordinated,Corporate,North,Subprime,115753.0,77421.0,603,4.32,25,0,1.5,0.685,0.315,0.69
A0570,0,Vehicle,Subordinated,Corporate,East,Prime,246457.0,91461.0,302,13.02,16,1,2.69,0.578,0.422,0.552
A0571,0,Vehicle,Senior,Retail,South,Near-Prime,949788.0,182524.0,463,16.44,14,1,3.0,0.377,0.623,0.383
A0572,1,Mortgage,Subordinated,SME,South,Near-Prime,312049.0,216219.0,234,3.87,13,1,1.44,0.311,0.689,0.349
A0573,0,Corporate,Senior,Corporate,North,Prime,177171.0,311586.0,695,5.11,7,0,0.57,0.432,0.568,0.392
A0574,0,None,Senior,Public,North,Prime,466066.0,37214.0,37,13.75,12,0,3.0,0.652,0.348,0.629
A0575,1,Mortgage,Senior,Corporate,East,Subprime,314017.0,251846.0,138,9.56,4,0,1.25,0.344,0.656,0.335
A0576,1,Mortgage,Senior,Retail,West,Near-Prime,44808.0,91313.0,194,9.05,2,0,0.49,0.349,0.651,0.36
A0577,0,Mortgage,Subordinated,Retail,North,Near-Prime,329914.0,286988.0,526,5.05,35,0,1.15,0.581,0.419,0.599
A0578,1,Corporate,Senior,SME,West,Prime,548668.0,318702.0,646,10.6,3,0,1.72,0.541,0.459,0.557
A0579,0,Corporate,Senior,Corporate,East,Prime,556195.0,278355.0,0,4.9,4,0,2.0,0.566,0.434,0.532
A0580,0,Vehicle,Senior,SME,West,Prime,362993.0,369148.0,560,10.15,12,0,0.98,0.382,0.618,0.369
A0581,0,Mortgage,Senior,SME,South,Prime,452830.0,167805.0,95,14.45,19,1,2.7,0.434,0.566,0.416
A0582,1,Mortgage,Subordinated,Corporate,West,Prime,965863.0,382553.0,712,6.87,10,0,2.52,0.765,0.235,0.764
A0583,0,Vehicle,Senior,Retail,East,Subprime,383575.0,216384.0,412,10.21,1,0,1.77,0.689,0.311,0.689
A0584,0,Vehicle,Senior,Corporate,East,Prime,265645.0,242092.0,537,17.88,17,0,1.1,0.385,0.615,0.358
A0585,0,None,Senior,SME,East,Prime,251032.0,324051.0,428,13.3,16,0,0.77,0.368,0.632,0.359
A0586,0,Mortgage,Senior,Retail,West,Near-Prime,463187.0,9179.0,234,15.62,9,0,3.0,0.508,0.492,0.52
A0587,0,Corporate,Senior,SME,South,Near-Prime,761925.0,326997.0,348,9.22,9,0,2.33,0.486,0.514,0.473
A0588,0,Vehicle,Senior,Corporate,North,Prime,213928.0,309293.0,480,14.52,9,0,0.69,0.372,0.628,0.368
A0589,0,Vehicle,Senior,Retail,South,Near-Prime,712203.0,154924.0,395,3.61,12,1,3.0,0.367,0.633,0.401
A0590,0,Corporate,Senior,Retail,West,Prime,30938.0,42897.0,350,4.84,15,1,0.72,0.168,0.832,0.208
A0591,0,Corporate,Subordinated,Public,West,Prime,424744.0,45468.0,415,6.05,2,0,3.0,0.785,0.215,0.742
A0592,0,None,Subordinated,Retail,North,Prime,778106.0,461612.0,50,9.03,11,0,1.69,0.94,0.06,0.942
A0593,0,Mortgage,Senior,SME,West,Subprime,345346.0,344640.0,80,15.69,11,0,1.0,0.449,0.551,0.507
A0594,0,Mortgage,Senior,SME,East,Prime,568100.0,63551.0,35,8.19,8,1,3.0,0.33,0.67,0.34
A0595,1,Corporate,Senior,SME,East,Prime,212929.0,178362.0,66,12.82,32,0,1.19,0.389,0.611,0.389
A0596,0,Vehicle,Subordinated,SME,East,Prime,744575.0,296241.0,640,13.64,6,0,2.51,0.747,0.253,0.773
A0597,0,Mortgage,Senior,Retail,East,Subprime,61756.0,417786.0,666,11.79,20,0,0.15,0.411,0.589,0.415
A0598,0,Mortgage,Senior,SME,East,Prime,854017.0,21830.0,622,8.36,35,0,3.0,0.556,0.444,0.57
A0599,0,Mortgage,Senior,Retail,West,Prime,206214.0,118317.0,679,11.66,8,1,1.74,0.332,0.668,0.328
A0600,0,None,Senior,SME,North,Prime,875654.0,444874.0,480,8.13,34,0,1.97,0.645,0.355,0.649
A0601,0,Mortgage,Senior,Retail,North,Prime,359004.0,4583.0,467,4.26,19,0,3.0,0.577,0.423,0.586
A0602,0,Mortgage,Senior,SME,East,Near-Prime,725457.0,100700.0,141,17.89,7,0,3.0,0.521,0.479,0.538
A0603,0,Mortgage,Senior,Retail,West,Near-Prime,326033.0,479512.0,355,4.91,31,0,0.68,0.308,0.692,0.299
A0604,0,Mortgage,Senior,Retail,South,Prime,906853.0,306701.0,708,4.09,18,1,2.96,0.341,0.659,0.332
A0605,0,Mortgage,Senior,Retail,South,Prime,135371.0,130836.0,470,16.18,14,1,1.03,0.105,0.895,0.066
A0606,0,Vehicle,Senior,Retail,West,Prime,186735.0,33496.0,620,7.53,17,0,3.0,0.548,0.452,0.54
A0607,0,Mortgage,Senior,Corporate,East,Prime,498100.0,14096.0,590,12.75,9,0,3.0,0.532,0.468,0.551
A0608,0,Corporate,Senior,Retail,North,Prime,91119.0,122373.0,672,7.94,20,0,0.74,0.324,0.676,0.333
A0609,0,Mortgage,Senior,Corporate,West,Near-Prime,204020.0,440743.0,438,8.87,28,0,0.46,0.325,0.675,0.305
A0610,0,Vehicle,Senior,Public,South,Subprime,944329.0,207957.0,530,6.93,20,0,3.0,0.7,0.3,0.662
A0611,0,None,Subordinated,SME,South,Subprime,976725.0,360167.0,126,8.15,27,0,2.71,1.0,0.0,0.997
A0612,1,Corporate,Senior,Retail,South,Subprime,382497.0,459143.0,204,9.16,8,0,0.83,0.365,0.635,0.383
A0613,0,Vehicle,Senior,Retail,East,Near-Prime,924053.0,204020.0,28,13.81,32,0,3.0,0.594,0.406,0.584
A0614,0,Mortgage,Senior,Corporate,South,Near-Prime,549376.0,95639.0,444,10.67,1,0,3.0,0.576,0.424,0.547
A0615,1,Mortgage,Senior,Retail,West,Prime,277045.0,258559.0,718,17.15,17,1,1.07,0.173,0.827,0.161
A0616,1,Corporate,Senior,Retail,West,Near-Prime,705375.0,454042.0,463,3.63,9,0,1.55,0.594,0.406,0.601
A0617,0,None,Senior,SME,South,Prime,662313.0,402187.0,279,10.55,20,1,1.65,0.501,0.499,0.526
A0618,0,Corporate,Senior,Corporate,West,Prime,989234.0,32915.0,150,11.76,32,0,3.0,0.581,0.419,0.576
A0619,1,Vehicle,Subordinated,Corporate,South,Near-Prime,272397.0,346286.0,239,16.8,2,0,0.79,0.577,0.423,0.598
A0620,1,Corporate,Senior,Retail,South,Prime,675339.0,285949.0,265,3.74,32,1,2.36,0.392,0.608,0.411
A0621,0,Vehicle,Subordinated,SME,North,Prime,61504.0,453732.0,693,11.6,9,0,0.14,0.611,0.389,0.587
A0622,0,Mortgage,Subordinated,Retail,East,Subprime,122510.0,61241.0,104,15.8,30,1,2.0,0.631,0.369,0.656
A0623,0,Vehicle,Senior,Retail,East,Prime,13879.0,267018.0,432,6.63,20,0,0.05,0.402,0.598,0.408
A0624,0,None,Subordinated,Corporate,North,Prime,999466.0,439731.0,496,16.14,1,0,2.27,0.944,0.056,0.92
A0625,0,Mortgage,Senior,Retail,North,Subprime,804251.0,205012.0,439,3.29,5,0,3.0,0.637,0.363,0.672
A0626,0,Corporate,Subordinated,Retail,East,Near-Prime,788856.0,240997.0,684,13.99,35,0,3.0,0.778,0.222,0.775
A0627,0,Mortgage,Senior,Retail,South,Near-Prime,514629.0,35230.0,157,17.0,1,0,3.0,0.532,0.468,0.493
A0628,1,Vehicle,Senior,Corporate,South,Prime,307066.0,139072.0,171,12.86,14,0,2.21,0.561,0.439,0.547
A0629,0,Mortgage,Senior,Corporate,East,Prime,159752.0,162253.0,493,9.59,9,0,0.98,0.301,0.699,0.282
A0630,0,Vehicle,Senior,SME,South,Subprime,291828.0,472561.0,310,3.67,30,0,0.62,0.372,0.628,0.358
A0631,1,Corporate,Senior,Corporate,North,Near-Prime,382212.0,141334.0,402,16.8,24,0,2.7,0.497,0.503,0.488
A0632,1,Mortgage,Senior,Retail,South,Near-Prime,758747.0,230434.0,668,10.05,4,0,3.0,0.569,0.431,0.564
A0633,0,Corporate,Senior,SME,South,Prime,544265.0,335652.0,675,3.43,14,0,1.62,0.542,0.458,0.536
A0634,0,Corporate,Senior,Retail,West,Prime,86709.0,81092.0,658,13.35,25,0,1.07,0.406,0.594,0.404
A0635,0,None,Senior,Retail,West,Subprime,27849.0,243221.0,665,10.23,4,1,0.11,0.397,0.603,0.409
A0636,0,Mortgage,Senior,SME,West,Prime,111309.0,369270.0,462,4.87,25,1,0.3,0.192,0.808,0.177
A0637,0,Mortgage,Subordinated,Corporate,South,Near-Prime,416394.0,433428.0,366,6.21,10,0,0.96,0.565,0.435,0.589
A0638,0,Mortgage,Subordinated,Retail,East,Prime,933861.0,313130.0,549,3.97,35,1,2.98,0.578,0.422,0.553
A0639,0,None,Subordinated,Retail,North,Near-Prime,641028.0,334527.0,642,11.61,7,0,1.92,0.95,0.05,0.962
A0640,0,None,Senior,Retail,South,Subprime,803808.0,63142.0,254,12.33,13,1,3.0,0.593,0.407,0.626
A0641,0,Vehicle,Senior,Retail,East,Near-Prime,471711.0,472888.0,207,10.59,4,1,1.0,0.138,0.862,0.134
A0642,0,Corporate,Senior,Corporate,South,Prime,368049.0,66287.0,449,15.26,14,1,3.0,0.306,0.694,0.31
A0643,0,Vehicle,Subordinated,SME,North,Near-Prime,117316.0,387336.0,94,15.92,18,0,0.3,0.521,0.479,0.502
A0644,0,Corporate,Senior,SME,South,Near-Prime,877174.0,132408.0,477,12.23,8,0,3.0,0.582,0.418,0.572
A0645,0,Mortgage,Senior,Corporate,North,Prime,785328.0,466797.0,682,3.19,32,0,1.68,0.576,0.424,0.607
A0646,1,Corporate,Senior,Retail,South,Subprime,176437.0,359980.0,189,13.43,27,1,0.49,0.219,0.781,0.234
A0647,0,Mortgage,Subordinated,SME,North,Near-Prime,517138.0,376907.0,710,9.27,23,0,1.37,0.619,0.381,0.627
A0648,0,Corporate,Senior,SME,South,Subprime,492501.0,109530.0,483,11.48,7,1,3.0,0.442,0.558,0.403
A0649,1,Corporate,Senior,SME,North,Near-Prime,628841.0,221520.0,535,12.74,12,0,2.84,0.605,0.395,0.591
A0650,0,Corporate,Senior,Public,West,Prime,946725.0,308907.0,422,8.25,25,1,3.0,0.284,0.716,0.319
A0651,0,Mortgage,Senior,Corporate,South,Prime,583974.0,384987.0,639,16.76,3,0,1.52,0.544,0.456,0.552
A0652,0,Mortgage,Senior,Retail,South,Prime,544815.0,51980.0,604,5.01,26,0,3.0,0.54,0.46,0.551
A0653,0,Mortgage,Senior,Corporate,East,Subprime,59820.0,481183.0,132,13.07,4,0,0.12,0.458,0.542,0.461
A0654,1,Mortgage,Senior,Retail,East,Near-Prime,72278.0,445110.0,54,3.07,15,0,0.16,0.427,0.573,0.415
A0655,0,Mortgage,Subordinated,Retail,North,Near-Prime,195473.0,135174.0,509,16.87,32,0,1.45,0.594,0.406,0.601
A0656,0,None,Senior,Retail,South,Prime,42146.0,411380.0,669,4.69,29,1,0.1,0.337,0.663,0.306
A0657,0,Vehicle,Subordinated,Retail,North,Prime,745919.0,259162.0,540,4.42,10,0,2.88,0.793,0.207,0.761
A0658,0,Mortgage,Subordinated,SME,West,Near-Prime,726097.0,230903.0,409,8.0,21,0,3.0,0.854,0.146,0.839
A0659,0,Mortgage,Senior,SME,East,Prime,144696.0,157217.0,210,8.6,16,1,0.92,0.188,0.812,0.192
A0660,0,Vehicle,Senior,Corporate,North,Prime,837718.0,290484.0,665,6.21,19,0,2.88,0.533,0.467,0.502
A0661,0,Corporate,Senior,SME,North,Near-Prime,163238.0,364945.0,292,11.78,29,1,0.45,0.13,0.87,0.133
A0662,1,Vehicle,Subordinated,SME,East,Prime,308164.0,205466.0,114,9.64,18,1,1.5,0.424,0.576,0.404
A0663,0,None,Senior,Retail,South,Prime,256487.0,314610.0,669,3.51,16,0,0.82,0.467,0.533,0.45
A0664,0,Vehicle,Senior,Retail,North,Prime,378584.0,349656.0,258,7.79,1,0,1.08,0.36,0.64,0.386
A0665,0,None,Senior,SME,East,Prime,262117.0,355561.0,121,15.16,2,0,0.74,0.482,0.518,0.483
A0666,0,None,Senior,SME,South,Subprime,494061.0,25983.0,298,13.35,15,1,3.0,0.618,0.382,0.6
A0667,0,Mortgage,Senior,Corporate,West,Prime,413334.0,429874.0,380,13.87,28,0,0.96,0.342,0.658,0.346
A0668,0,None,Senior,Retail,East,Prime,986704.0,229127.0,560,13.47,1,0,3.0,0.665,0.335,0.636
A0669,0,Mortgage,Senior,Retail,North,Prime,65367.0,131208.0,500,7.66,5,1,0.5,0.205,0.795,0.213
A0670,0,Corporate,Senior,SME,West,Near-Prime,150760.0,120882.0,296,4.49,22,0,1.25,0.362,0.638,0.384
A0671,0,Mortgage,Senior,Retail,South,Prime,62298.0,241507.0,361,7.09,13,1,0.26,0.147,0.853,0.16
A0672,1,None,Senior,Retail,South,Near-Prime,629583.0,443416.0,588,15.48,1,1,1.42,0.321,0.679,0.364
A0673,0,None,Senior,Corporate,East,Prime,63964.0,189174.0,462,17.71,16,0,0.34,0.416,0.584,0.377
A0674,0,Corporate,Senior,Retail,East,Prime,838075.0,374863.0,437,10.41,22,1,2.24,0.455,0.545,0.458
A0675,0,Corporate,Subordinated,SME,East,Prime,516819.0,48409.0,126,3.15,32,1,3.0,0.601,0.399,0.574
A0676,1,Mortgage,Senior,Retail,South,Subprime,531738.0,238028.0,196,5.1,16,0,2.23,0.552,0.448,0.549
A0677,0,Mortgage,Senior,Retail,West,Subprime,565979.0,495843.0,220,7.83,15,0,1.14,0.51,0.49,0.51
A0678,0,Vehicle,Senior,Retail,South,Prime,179106.0,385219.0,90,11.68,12,0,0.46,0.312,0.688,0.358
A0679,1,Mortgage,Senior,Corporate,North,Near-Prime,205713.0,105264.0,410,4.13,1,0,1.95,0.602,0.398,0.601
A0680,1,Corporate,Senior,Retail,South,Subprime,325629.0,250721.0,7,17.15,17,1,1.3,0.256,0.744,0.254
A0681,1,Mortgage,Senior,Corporate,North,Prime,597561.0,116812.0,543,8.48,28,0,3.0,0.471,0.529,0.491
A0682,0,None,Subordinated,Retail,West,Subprime,218017.0,204780.0,467,16.69,7,0,1.06,0.863,0.137,0.862
A0683,0,Corporate,Senior,Corporate,East,Prime,125168.0,390042.0,319,14.71,9,0,0.32,0.359,0.641,0.396
A0684,0,Corporate,Senior,Retail,East,Subprime,970416.0,385612.0,393,14.33,22,0,2.52,0.708,0.292,0.721
A0685,1,Mortgage,Senior,SME,South,Near-Prime,31762.0,114050.0,268,12.1,26,1,0.28,0.176,0.824,0.193
A0686,0,None,Senior,SME,East,Subprime,804670.0,461112.0,190,12.4,12,1,1.75,0.538,0.462,0.501
A0687,0,None,Senior,Corporate,West,Near-Prime,790155.0,296284.0,674,12.57,7,0,2.67,0.75,0.25,0.79
A0688,0,Vehicle,Senior,Retail,East,Prime,304242.0,189962.0,60,12.43,15,0,1.6,0.529,0.471,0.516
A0689,1,Corporate,Senior,Retail,South,Subprime,144270.0,250968.0,437,11.31,21,0,0.57,0.536,0.464,0.536
A0690,0,Corporate,Senior,Retail,West,Prime,154172.0,302536.0,263,17.8,14,0,0.51,0.332,0.668,0.319
A0691,0,Mortgage,Senior,Corporate,North,Prime,700457.0,279945.0,94,13.98,2,0,2.5,0.539,0.461,0.519
A0692,0,Vehicle,Senior,SME,South,Near-Prime,646379.0,243203.0,552,14.65,8,0,2.66,0.509,0.491,0.485
A0693,0,Mortgage,Senior,Corporate,North,Near-Prime,784918.0,252466.0,469,16.09,6,1,3.0,0.325,0.675,0.327
A0694,0,Mortgage,Senior,Retail,West,Subprime,938106.0,88206.0,660,6.23,33,0,3.0,0.612,0.388,0.573
A0695,0,Mortgage,Subordinated,Retail,South,Prime,695008.0,406366.0,715,4.26,6,1,1.71,0.659,0.341,0.654
A0696,0,Mortgage,Senior,Retail,South,Near-Prime,164293.0,270880.0,513,10.24,26,0,0.61,0.283,0.717,0.304
A0697,0,Mortgage,Senior,Public,West,Near-Prime,251008.0,65540.0,689,10.71,14,0,3.0,0.59,0.41,0.603
A0698,0,Mortgage,Senior,SME,East,Prime,843772.0,383079.0,193,15.44,8,1,2.2,0.391,0.609,0.4
A0699,0,None,Subordinated,Corporate,South,Prime,217213.0,466222.0,481,9.66,13,0,0.47,0.819,0.181,0.801
A0700,0,Vehicle,Subordinated,Retail,South,Prime,81797.0,473653.0,335,11.56,13,1,0.17,0.402,0.598,0.37
A0701,0,None,Senior,SME,North,Prime,706247.0,184509.0,434,10.91,28,0,3.0,0.649,0.351,0.67
A0702,0,Vehicle,Subordinated,SME,East,Subprime,408501.0,67758.0,195,3.57,18,0,3.0,0.891,0.109,0.882
A0703,0,Mortgage,Senior,Retail,North,Near-Prime,920840.0,259200.0,248,12.23,19,1,3.0,0.38,0.62,0.378
A0704,0,Vehicle,Senior,Corporate,North,Near-Prime,653753.0,56305.0,497,15.42,32,0,3.0,0.554,0.446,0.55
A0705,0,Vehicle,Subordinated,Corporate,East,Subprime,99515.0,466994.0,211,5.36,22,1,0.21,0.518,0.482,0.531
A0706,1,Mortgage,Subordinated,Corporate,East,Prime,948378.0,91790.0,664,11.91,2,1,3.0,0.668,0.332,0.705
A0707,0,Corporate,Senior,Corporate,West,Subprime,265972.0,126383.0,669,11.9,13,0,2.1,0.679,0.321,0.708
A0708,1,Mortgage,Senior,Retail,East,Prime,343840.0,203318.0,465,5.46,23,0,1.69,0.56,0.44,0.513
A0709,0,Corporate,Senior,Retail,South,Subprime,408238.0,191582.0,650,4.85,25,0,2.13,0.558,0.442,0.552
A0710,0,Corporate,Senior,Public,East,Prime,60712.0,397331.0,220,17.7,28,0,0.15,0.311,0.689,0.284
A0711,1,Mortgage,Subordinated,Retail,West,Subprime,501550.0,228158.0,272,8.91,11,1,2.2,0.68,0.32,0.699
A0712,0,Mortgage,Senior,Corporate,West,Prime,132085.0,85384.0,153,6.41,33,0,1.55,0.451,0.549,0.451
A0713,0,Corporate,Senior,Corporate,West,Prime,406961.0,133605.0,248,5.57,24,0,3.0,0.495,0.505,0.507
A0714,0,Vehicle,Senior,SME,East,Near-Prime,357203.0,254557.0,278,13.01,2,1,1.4,0.137,0.863,0.129
A0715,0,Mortgage,Senior,Public,East,Prime,775112.0,73727.0,439,12.14,30,0,3.0,0.545,0.455,0.524
A0716,1,None,Senior,Retail,North,Near-Prime,805139.0,305828.0,275,12.65,17,1,2.63,0.525,0.475,0.508
A0717,1,Mortgage,Senior,Retail,North,Prime,161879.0,282874.0,513,4.32,34,0,0.57,0.34,0.66,0.309
A0718,1,Corporate,Subordinated,Retail,South,Near-Prime,372886.0,357351.0,87,16.4,22,1,1.04,0.412,0.588,0.387
A0719,0,None,Subordinated,SME,North,Prime,379620.0,468852.0,641,8.84,5,0,0.81,0.729,0.271,0.7
A0720,1,Mortgage,Senior,Retail,South,Prime,159896.0,456127.0,504,7.7,16,0,0.35,0.352,0.648,0.331
A0721,1,Mortgage,Subordinated,Retail,West,Prime,800469.0,473038.0,589,9.94,13,0,1.69,0.823,0.177,0.801
A0722,0,Mortgage,Subordinated,Corporate,North,Prime,710156.0,122358.0,240,8.85,26,0,3.0,0.874,0.126,0.882
A0723,0,Mortgage,Subordinated,Corporate,East,Prime,198478.0,65783.0,652,15.95,31,1,3.0,0.574,0.426,0.581
A0724,1,Mortgage,Senior,Retail,North,Prime,373055.0,151138.0,674,16.94,23,0,2.47,0.557,0.443,0.565
A0725,0,Corporate,Senior,Retail,South,Prime,114747.0,447543.0,235,7.55,12,1,0.26,0.193,0.807,0.216
A0726,1,Mortgage,Senior,Corporate,North,Prime,631925.0,486027.0,127,15.96,14,0,1.3,0.278,0.722,0.276
A0727,0,Vehicle,Senior,Retail,West,Near-Prime,130158.0,429662.0,502,14.72,18,0,0.3,0.45,0.55,0.434
A0728,1,None,Senior,Retail,East,Subprime,986075.0,55009.0,199,16.96,27,0,3.0,0.859,0.141,0.903
A0729,0,Corporate,Senior,Retail,South,Prime,782875.0,473714.0,542,6.69,28,0,1.65,0.464,0.536,0.482
A0730,0,Corporate,Senior,SME,East,Near-Prime,396336.0,211679.0,501,11.65,18,0,1.87,0.569,0.431,0.572
A0731,0,Mortgage,Senior,Retail,East,Near-Prime,582778.0,4655.0,649,7.12,16,0,3.0,0.522,0.478,0.524
A0732,1,Corporate,Senior,Public,South,Prime,912228.0,221197.0,491,15.36,16,1,3.0,0.33,0.67,0.336
A0733,0,Vehicle,Senior,SME,East,Near-Prime,558558.0,23035.0,20,3.08,13,0,3.0,0.568,0.432,0.564
A0734,0,Vehicle,Subordinated,SME,East,Prime,182754.0,271939.0,233,11.47,29,0,0.67,0.653,0.347,0.656
A0735,0,Mortgage,Subordinated,Retail,North,Near-Prime,384916.0,169277.0,713,8.09,9,0,2.27,0.777,0.223,0.787
A0736,1,None,Subordinated,SME,East,Prime,844713.0,236717.0,642,7.84,26,0,3.0,0.927,0.073,0.912
A0737,0,Vehicle,Subordinated,SME,East,Near-Prime,647771.0,306585.0,415,12.67,28,1,2.11,0.619,0.381,0.586
A0738,1,Mortgage,Senior,Corporate,East,Near-Prime,654217.0,434401.0,147,15.77,13,0,1.51,0.579,0.421,0.537
A0739,0,Mortgage,Subordinated,Corporate,East,Prime,868153.0,330951.0,28,12.14,9,0,2.62,0.75,0.25,0.768
A0740,0,Vehicle,Senior,SME,South,Prime,895033.0,217024.0,360,15.8,14,0,3.0,0.636,0.364,0.604
A0741,0,Corporate,Senior,Corporate,West,Subprime,920595.0,409714.0,307,6.97,12,0,2.25,0.618,0.382,0.627
A0742,0,Corporate,Senior,Corporate,North,Prime,103901.0,452791.0,161,10.79,32,0,0.23,0.398,0.602,0.375
A0743,1,Corporate,Senior,Corporate,East,Near-Prime,548685.0,59880.0,60,9.76,3,0,3.0,0.573,0.427,0.55
A0744,0,Mortgage,Senior,Retail,East,Subprime,743104.0,265966.0,124,3.17,16,0,2.79,0.68,0.32,0.666
A0745,0,Vehicle,Senior,Retail,South,Near-Prime,759358.0,142256.0,455,11.35,20,0,3.0,0.519,0.481,0.523
A0746,1,Vehicle,Subordinated,Retail,West,Near-Prime,610649.0,23531.0,70,12.92,32,1,3.0,0.514,0.486,0.488
A0747,0,Mortgage,Senior,SME,East,Near-Prime,175119.0,334273.0,465,11.88,23,0,0.52,0.349,0.651,0.337
A0748,0,Mortgage,Senior,SME,South,Subprime,799446.0,431385.0,242,14.04,17,1,1.85,0.449,0.551,0.448
A0749,1,Corporate,Subordinated,SME,North,Prime,722910.0,81451.0,489,11.57,16,0,3.0,0.752,0.248,0.728
A0750,0,Mortgage,Senior,Corporate,North,Prime,95274.0,406207.0,220,4.0,8,1,0.23,0.196,0.804,0.225
A0751,0,Vehicle,Senior,Corporate,East,Prime,469172.0,426698.0,472,4.75,19,0,1.1,0.347,0.653,0.313
A0752,1,Mortgage,Senior,Corporate,East,Subprime,182238.0,457170.0,532,11.95,30,0,0.4,0.41,0.59,0.406
A0753,0,Mortgage,Senior,Retail,West,Near-Prime,344102.0,132643.0,493,7.12,34,0,2.59,0.579,0.421,0.604
A0754,0,Mortgage,Senior,SME,West,Prime,27900.0,451977.0,81,4.19,14,0,0.06,0.381,0.619,0.355
A0755,0,None,Subordinated,Retail,East,Subprime,406327.0,160331.0,521,9.44,22,0,2.53,1.0,0.0,0.998
A0756,1,Corporate,Senior,Retail,South,Prime,554378.0,276169.0,11,11.31,17,0,2.01,0.612,0.388,0.615
A0757,0,None,Senior,Retail,West,Prime,623387.0,25254.0,262,7.93,15,0,3.0,0.812,0.188,0.796
A0758,0,Vehicle,Subordinated,Retail,East,Near-Prime,666855.0,21941.0,656,13.81,32,0,3.0,0.745,0.255,0.743
A0759,1,Mortgage,Senior,SME,West,Prime,837928.0,360187.0,448,12.66,13,0,2.33,0.541,0.459,0.552
A0760,1,Vehicle,Senior,Corporate,East,Subprime,223308.0,222240.0,191,7.99,21,1,1.0,0.267,0.733,0.258
A0761,0,Vehicle,Senior,Retail,North,Prime,129277.0,128146.0,113,14.32,33,0,1.01,0.464,0.536,0.479
A0762,0,Corporate,Senior,Corporate,East,Subprime,853022.0,95207.0,25,12.73,27,0,3.0,0.613,0.387,0.621
A0763,0,Mortgage,Senior,SME,North,Near-Prime,165047.0,334977.0,498,12.56,35,0,0.49,0.303,0.697,0.291
A0764,1,Vehicle,Senior,Retail,West,Prime,975012.0,201.0,507,11.3,16,0,3.0,0.503,0.497,0.526
A0765,0,Mortgage,Senior,SME,East,Subprime,844113.0,402946.0,544,3.17,28,0,2.09,0.711,0.289,0.696
A0766,0,Mortgage,Subordinated,Retail,West,Near-Prime,505868.0,39625.0,61,13.45,34,1,3.0,0.565,0.435,0.582
A0767,1,Corporate,Senior,SME,North,Prime,981607.0,95745.0,228,8.64,1,0,3.0,0.507,0.493,0.493
A0768,1,Vehicle,Senior,SME,East,Prime,106403.0,193118.0,606,17.14,31,0,0.55,0.362,0.638,0.356
A0769,0,Mortgage,Senior,Retail,West,Subprime,310035.0,242429.0,34,15.27,33,0,1.28,0.465,0.535,0.462
A0770,1,Mortgage,Senior,Retail,North,Prime,641842.0,177498.0,704,11.82,33,0,3.0,0.604,0.396,0.611
A0771,0,Vehicle,Senior,SME,West,Prime,356507.0,160356.0,455,6.78,18,1,2.22,0.355,0.645,0.307
A0772,1,Corporate,Senior,Corporate,South,Prime,929089.0,481958.0,587,6.06,23,1,1.93,0.362,0.638,0.371
A0773,0,None,Subordinated,Retail,North,Prime,74970.0,320790.0,501,8.11,23,0,0.23,0.745,0.255,0.743
A0774,0,None,Senior,Corporate,North,Near-Prime,553918.0,11716.0,594,10.15,15,0,3.0,0.635,0.365,0.641
A0775,1,Corporate,Senior,SME,North,Prime,594958.0,215088.0,24,7.44,26,0,2.77,0.54,0.46,0.55
A0776,0,Mortgage,Senior,Corporate,East,Prime,656201.0,437504.0,568,10.72,30,0,1.5,0.353,0.647,0.361
A0777,0,Corporate,Senior,Corporate,East,Prime,263110.0,150728.0,31,5.48,25,0,1.75,0.528,0.472,0.488
A0778,1,Vehicle,Senior,SME,East,Prime,370921.0,47278.0,11,17.67,16,1,3.0,0.272,0.728,0.251
A0779,1,Mortgage,Senior,SME,South,Subprime,845244.0,379192.0,318,4.62,14,0,2.23,0.593,0.407,0.6
A0780,0,Corporate,Senior,Corporate,South,Prime,202993.0,303007.0,603,16.98,17,0,0.67,0.348,0.652,0.352
A0781,0,Mortgage,Senior,Retail,North,Subprime,828599.0,285156.0,0,16.7,12,0,2.91,0.697,0.303,0.681
A0782,0,None,Subordinated,Retail,South,Prime,567029.0,26788.0,434,10.88,29,1,3.0,0.834,0.166,0.849
A0783,0,Vehicle,Subordinated,Retail,West,Prime,764566.0,70250.0,135,13.87,32,0,3.0,0.791,0.209,0.786
A0784,0,Corporate,Subordinated,Corporate,North,Subprime,716471.0,311275.0,195,9.54,24,1,2.3,0.664,0.336,0.682
A0785,0,Corporate,Subordinated,Corporate,North,Prime,215436.0,103912.0,132,12.45,13,0,2.07,0.781,0.219,0.805
A0786,1,None,Senior,Retail,West,Near-Prime,573125.0,252035.0,85,8.11,20,0,2.27,0.648,0.352,0.654
A0787,0,Corporate,Subordinated,SME,North,Subprime,869046.0,272441.0,475,7.52,15,1,3.0,0.739,0.261,0.75
A0788,0,Corporate,Senior,SME,South,Prime,437795.0,141754.0,323,11.67,4,1,3.0,0.457,0.543,0.445
A0789,0,Mortgage,Subordinated,Retail,East,Prime,966925.0,474213.0,179,10.47,34,0,2.04,0.765,0.235,0.783
A0790,1,Vehicle,Subordinated,Public,West,Near-Prime,457693.0,421232.0,515,11.69,28,0,1.09,0.54,0.46,0.544
A0791,0,Mortgage,Senior,Retail,South,Prime,151358.0,361187.0,637,7.3,2,1,0.42,0.2,0.8,0.194
A0792,0,Corporate,Subordinated,Retail,West,Prime,395540.0,38997.0,174,8.5,30,0,3.0,0.816,0.184,0.792
A0793,0,Vehicle,Senior,SME,West,Prime,952185.0,53065.0,20,4.26,26,0,3.0,0.567,0.433,0.557
A0794,0,Corporate,Senior,Corporate,North,Prime,326524.0,246391.0,104,3.78,26,1,1.33,0.229,0.771,0.207
A0795,0,Mortgage,Senior,Retail,North,Near-Prime,869417.0,80357.0,577,6.8,20,0,3.0,0.482,0.518,0.497
A0796,1,Mortgage,Senior,SME,South,Prime,882438.0,489133.0,442,4.11,28,0,1.8,0.48,0.52,0.504
A0797,1,Corporate,Senior,SME,West,Prime,356685.0,79260.0,48,4.56,20,0,3.0,0.542,0.458,0.56
A0798,0,Mortgage,Senior,Retail,North,Near-Prime,92425.0,243734.0,527,15.19,11,0,0.38,0.353,0.647,0.403
A0799,0,Mortgage,Subordinated,Retail,North,Prime,727312.0,182061.0,144,3.58,10,0,3.0,0.782,0.218,0.773
A0800,1,Mortgage,Senior,SME,West,Prime,318397.0,319693.0,339,12.88,23,0,1.0,0.473,0.527,0.485
A0801,1,None,Subordinated,Retail,South,Near-Prime,785094.0,64518.0,353,7.09,19,0,3.0,0.934,0.066,0.91
A0802,0,Corporate,Subordinated,Corporate,South,Prime,448228.0,215158.0,74,16.07,18,0,2.08,0.772,0.228,0.768
A0803,0,Mortgage,Subordinated,Corporate,West,Near-Prime,490414.0,137353.0,577,10.27,27,0,3.0,0.806,0.194,0.776
A0804,0,Mortgage,Subordinated,Public,South,Subprime,780130.0,443876.0,636,7.58,6,0,1.76,0.949,0.051,0.96
A0805,0,Mortgage,Senior,Retail,North,Prime,388540.0,20293.0,318,10.76,10,1,3.0,0.314,0.686,0.307
A0806,1,Corporate,Subordinated,Public,West,Near-Prime,448696.0,456864.0,86,8.73,2,0,0.98,0.593,0.407,0.552
A0807,1,Corporate,Subordinated,SME,North,Prime,382429.0,416497.0,552,11.46,24,1,0.92,0.45,0.55,0.436
A0808,1,Mortgage,Senior,Retail,East,Prime,373667.0,148785.0,697,4.72,28,0,2.51,0.603,0.397,0.639
A0809,0,Mortgage,Senior,Retail,East,Subprime,530687.0,394645.0,41,17.95,28,1,1.34,0.261,0.739,0.269
A0810,0,Mortgage,Senior,Retail,South,Subprime,810711.0,15607.0,92,9.38,2,0,3.0,0.771,0.229,0.786
A0811,1,Corporate,Senior,SME,East,Prime,368151.0,483433.0,696,8.22,5,0,0.76,0.449,0.551,0.452
A0812,1,Corporate,Senior,SME,North,Near-Prime,529012.0,263297.0,506,13.65,11,1,2.01,0.28,0.72,0.276
A0813,0,Mortgage,Senior,Retail,East,Subprime,674020.0,151641.0,528,8.46,10,1,3.0,0.365,0.635,0.365
A0814,1,Mortgage,Senior,SME,North,Subprime,276745.0,181292.0,264,15.5,2,0,1.53,0.69,0.31,0.695
A0815,1,Mortgage,Senior,Retail,South,Near-Prime,284748.0,33203.0,625,9.81,15,1,3.0,0.418,0.582,0.396
A0816,0,None,Subordinated,SME,South,Prime,934079.0,494675.0,291,13.79,7,0,1.89,0.939,0.061,0.954
A0817,0,Mortgage,Senior,Retail,North,Prime,726299.0,19646.0,463,4.61,20,1,3.0,0.325,0.675,0.347
A0818,0,Corporate,Senior,Corporate,East,Subprime,581415.0,327454.0,559,15.69,34,0,1.78,0.609,0.391,0.605
A0819,0,Corporate,Senior,Corporate,South,Prime,651243.0,221368.0,96,14.04,35,0,2.94,0.492,0.508,0.482
A0820,0,Mortgage,Senior,SME,West,Near-Prime,39006.0,474458.0,94,6.18,34,0,0.08,0.407,0.593,0.392
A0821,1,Mortgage,Subordinated,Retail,South,Prime,621922.0,123000.0,325,5.18,22,0,3.0,0.781,0.219,0.816
A0822,0,Mortgage,Senior,Retail,East,Prime,514414.0,266043.0,73,7.74,31,1,1.93,0.365,0.635,0.356
A0823,0,Corporate,Senior,Corporate,West,Prime,550292.0,241178.0,335,17.64,23,0,2.28,0.459,0.541,0.472
A0824,0,Corporate,Senior,Retail,East,Subprime,365830.0,351433.0,67,6.85,19,0,1.04,0.5,0.5,0.496
A0825,0,Corporate,Senior,Retail,North,Prime,90659.0,34005.0,76,9.84,4,0,2.67,0.579,0.421,0.574
A0826,1,Vehicle,Subordinated,Retail,West,Near-Prime,201406.0,96895.0,207,3.45,24,0,2.08,0.733,0.267,0.718
A0827,0,Mortgage,Senior,SME,East,Prime,951237.0,107282.0,220,8.96,20,0,3.0,0.563,0.437,0.544
A0828,0,None,Senior,SME,West,Prime,414613.0,369075.0,261,11.57,28,0,1.12,0.5,0.5,0.515
A0829,1,Corporate,Senior,Corporate,East,Prime,472016.0,94569.0,409,17.3,17,1,3.0,0.327,0.673,0.307
A0830,0,Mortgage,Senior,Retail,West,Near-Prime,62183.0,286746.0,330,10.75,19,0,0.22,0.205,0.795,0.214
A0831,0,None,Senior,Retail,East,Prime,47191.0,107622.0,343,15.29,35,0,0.44,0.467,0.533,0.469
A0832,0,Corporate,Senior,Corporate,North,Prime,720010.0,430812.0,73,11.21,32,1,1.67,0.365,0.635,0.38
A0833,0,Vehicle,Senior,Corporate,West,Prime,542714.0,471093.0,636,3.61,35,0,1.15,0.323,0.677,0.311
A0834,0,Corporate,Senior,Retail,West,Prime,513619.0,259246.0,699,7.73,30,1,1.98,0.339,0.661,0.361
A0835,0,Corporate,Senior,SME,West,Subprime,250693.0,176154.0,253,11.63,17,1,1.42,0.325,0.675,0.322
A0836,0,Corporate,Subordinated,Retail,West,Subprime,747303.0,117029.0,331,17.26,29,0,3.0,0.896,0.104,0.948
A0837,1,Mortgage,Subordinated,Corporate,North,Prime,176554.0,24891.0,397,15.89,6,0,3.0,0.695,0.305,0.663
A0838,0,Mortgage,Senior,Retail,West,Near-Prime,198035.0,134250.0,344,6.43,17,0,1.48,0.341,0.659,0.39
A0839,0,None,Subordinated,Corporate,South,Subprime,466105.0,327118.0,583,6.3,17,0,1.42,0.855,0.145,0.852
A0840,0,Mortgage,Senior,SME,North,Prime,293417.0,266808.0,667,6.02,14,1,1.1,0.109,0.891,0.113
A0841,0,Mortgage,Senior,SME,South,Subprime,254988.0,472021.0,454,16.84,24,0,0.54,0.487,0.513,0.475
A0842,0,Vehicle,Subordinated,Retail,West,Subprime,648785.0,198139.0,114,15.79,32,0,3.0,0.827,0.173,0.796
A0843,0,Vehicle,Subordinated,SME,East,Prime,654462.0,346932.0,312,14.62,14,0,1.89,0.793,0.207,0.782
A0844,1,Corporate,Subordinated,SME,South,Prime,826272.0,244661.0,227,8.89,27,0,3.0,0.726,0.274,0.719
A0845,0,None,Senior,Retail,West,Subprime,423531.0,256288.0,244,10.57,19,0,1.65,0.785,0.215,0.789
A0846,0,Mortgage,Senior,SME,South,Near-Prime,82354.0,133887.0,525,9.96,31,1,0.62,0.185,0.815,0.207
A0847,0,Mortgage,Subordinated,Public,West,Prime,280930.0,227475.0,527,6.8,9,0,1.23,0.592,0.408,0.596
A0848,1,Mortgage,Senior,SME,West,Prime,980205.0,235392.0,426,10.58,17,0,3.0,0.539,0.461,0.543
A0849,0,None,Senior,Corporate,West,Prime,600296.0,353321.0,41,3.46,19,0,1.7,0.701,0.299,0.709
A0850,0,Corporate,Senior,Retail,East,Near-Prime,712640.0,470320.0,464,4.98,4,1,1.52,0.354,0.646,0.319
A0851,0,Mortgage,Senior,SME,South,Near-Prime,17284.0,164661.0,621,16.3,11,0,0.1,0.385,0.615,0.352
A0852,1,Corporate,Senior,Retail,North,Subprime,523024.0,21100.0,277,14.28,22,1,3.0,0.485,0.515,0.455
A0853,0,None,Senior,SME,North,Prime,47153.0,248148.0,18,9.34,4,0,0.19,0.571,0.429,0.564
A0854,1,Corporate,Subordinated,Corporate,North,Near-Prime,573538.0,272231.0,65,10.76,17,1,2.11,0.608,0.392,0.571
A0855,0,None,Senior,SME,North,Near-Prime,921563.0,84220.0,166,8.55,8,0,3.0,0.617,0.383,0.603
A0856,0,Mortgage,Senior,Retail,West,Prime,968735.0,380232.0,584,14.11,34,0,2.55,0.593,0.407,0.566
A0857,0,Corporate,Senior,Retail,South,Prime,545147.0,492465.0,402,14.76,11,0,1.11,0.417,0.583,0.427
A0858,0,Vehicle,Senior,SME,South,Subprime,463623.0,472887.0,408,14.45,31,0,0.98,0.573,0.427,0.582
A0859,0,Corporate,Senior,SME,East,Subprime,945567.0,98553.0,111,13.84,11,0,3.0,0.723,0.277,0.717
A0860,0,Corporate,Senior,Corporate,South,Prime,676874.0,437682.0,273,6.07,21,0,1.55,0.525,0.475,0.487
A0861,1,Corporate,Subordinated,Corporate,South,Near-Prime,74250.0,352247.0,406,8.07,30,0,0.21,0.609,0.391,0.604
A0862,0,Corporate,Senior,SME,South,Prime,471068.0,226923.0,372,10.05,10,0,2.08,0.536,0.464,0.543
A0863,0,Mortgage,Subordinated,Retail,East,Near-Prime,247843.0,270305.0,596,7.96,26,1,0.92,0.38,0.62,0.396
A0864,0,Vehicle,Senior,Retail,North,Near-Prime,475106.0,424800.0,650,14.32,27,0,1.12,0.344,0.656,0.379
A0865,0,None,Senior,Retail,South,Near-Prime,460911.0,240067.0,38,7.94,8,1,1.92,0.564,0.436,0.586
A0866,0,None,Senior,Retail,East,Subprime,586323.0,186604.0,104,5.07,8,0,3.0,0.721,0.279,0.724
A0867,0,Mortgage,Senior,SME,East,Near-Prime,363203.0,246624.0,323,8.99,8,0,1.47,0.3,0.7,0.294
A0868,0,Mortgage,Subordinated,SME,West,Prime,172628.0,289565.0,413,17.7,34,0,0.6,0.661,0.339,0.646
A0869,1,Mortgage,Senior,SME,East,Near-Prime,508682.0,94539.0,428,6.39,16,0,3.0,0.623,0.377,0.65
A0870,1,Corporate,Senior,Retail,North,Prime,831901.0,450454.0,634,12.18,13,1,1.85,0.317,0.683,0.32
A0871,0,Corporate,Subordinated,Retail,South,Prime,667372.0,337093.0,60,9.49,23,0,1.98,0.883,0.117,0.896
A0872,0,Mortgage,Subordinated,Retail,East,Prime,344984.0,316634.0,611,4.07,12,1,1.09,0.449,0.551,0.437
A0873,0,Vehicle,Subordinated,Retail,North,Prime,936168.0,49748.0,306,10.32,27,1,3.0,0.587,0.413,0.562
A0874,0,Corporate,Senior,Corporate,East,Near-Prime,913085.0,302087.0,353,13.53,22,0,3.0,0.428,0.572,0.42
A0875,0,Corporate,Subordinated,Retail,East,Prime,217255.0,60480.0,392,10.7,32,1,3.0,0.517,0.483,0.511
A0876,0,Vehicle,Senior,SME,East,Near-Prime,49023.0,39349.0,203,16.08,27,0,1.25,0.317,0.683,0.321
A0877,1,Vehicle,Senior,Retail,East,Near-Prime,743896.0,263655.0,257,7.33,2,1,2.82,0.388,0.612,0.373
A0878,0,Vehicle,Senior,Corporate,East,Prime,829334.0,201393.0,485,4.29,33,1,3.0,0.388,0.612,0.388
A0879,0,Mortgage,Senior,SME,North,Subprime,968186.0,294405.0,516,17.05,26,0,3.0,0.627,0.373,0.651
A0880,0,Vehicle,Senior,Retail,South,Prime,890938.0,44611.0,445,8.67,28,1,3.0,0.338,0.662,0.305
A0881,0,Corporate,Senior,SME,South,Prime,604529.0,215492.0,708,11.65,19,0,2.81,0.548,0.452,0.506
A0882,0,None,Subordinated,Corporate,South,Near-Prime,534752.0,87393.0,179,14.88,5,0,3.0,0.939,0.061,0.964
A0883,0,Corporate,Senior,Public,South,Prime,37563.0,493550.0,341,7.86,33,0,0.08,0.358,0.642,0.329
A0884,0,Corporate,Senior,Retail,North,Prime,254190.0,280575.0,132,13.74,20,0,0.91,0.348,0.652,0.34
A0885,1,Mortgage,Senior,Corporate,West,Near-Prime,465019.0,343718.0,442,5.03,30,0,1.35,0.266,0.734,0.278
A0886,0,Vehicle,Subordinated,Corporate,West,Near-Prime,632219.0,162709.0,252,7.37,8,1,3.0,0.59,0.41,0.589
A0887,0,Mortgage,Senior,Corporate,North,Prime,561679.0,47369.0,264,5.17,17,0,3.0,0.549,0.451,0.548
A0888,0,Mortgage,Senior,SME,North,Subprime,745210.0,487935.0,92,15.17,1,0,1.53,0.699,0.301,0.7
A0889,0,Corporate,Subordinated,SME,East,Near-Prime,286969.0,143130.0,661,6.34,3,0,2.0,0.758,0.242,0.808
A0890,0,None,Subordinated,SME,East,Subprime,569303.0,211904.0,410,13.76,26,0,2.69,1.0,0.0,1.0
A0891,1,Mortgage,Senior,Corporate,East,Prime,97261.0,324932.0,137,17.15,31,1,0.3,0.178,0.822,0.164
A0892,1,Vehicle,Senior,SME,South,Near-Prime,419529.0,12349.0,207,10.92,8,1,3.0,0.343,0.657,0.364
A0893,1,Corporate,Subordinated,SME,East,Subprime,752659.0,405130.0,636,11.1,8,1,1.86,0.612,0.388,0.622
A0894,0,Mortgage,Senior,SME,West,Near-Prime,696467.0,268289.0,572,9.92,35,0,2.6,0.601,0.399,0.601
A0895,0,Vehicle,Senior,Corporate,South,Near-Prime,990736.0,139109.0,306,7.89,28,0,3.0,0.587,0.413,0.569
A0896,0,Corporate,Subordinated,Corporate,East,Prime,285112.0,30804.0,265,10.13,4,1,3.0,0.611,0.389,0.62
A0897,0,Corporate,Senior,Retail,South,Prime,503207.0,81249.0,645,12.04,16,1,3.0,0.352,0.648,0.346
A0898,1,Mortgage,Senior,Corporate,West,Prime,336235.0,447517.0,317,17.79,13,0,0.75,0.261,0.739,0.253
A0899,0,Mortgage,Senior,SME,East,Prime,446197.0,343012.0,112,17.07,20,0,1.3,0.389,0.611,0.374
A0900,0,Corporate,Senior,Corporate,West,Subprime,858381.0,124951.0,377,15.93,5,1,3.0,0.524,0.476,0.544
A0901,0,Vehicle,Senior,SME,West,Prime,687367.0,32800.0,453,16.34,20,1,3.0,0.294,0.706,0.279
A0902,0,Mortgage,Subordinated,Retail,West,Subprime,883617.0,345308.0,190,10.02,24,0,2.56,0.967,0.033,0.952
A0903,0,Corporate,Senior,Corporate,East,Subprime,211476.0,286204.0,439,12.86,34,1,0.74,0.307,0.693,0.323
A0904,0,Mortgage,Senior,Retail,North,Prime,874628.0,202260.0,186,16.43,34,0,3.0,0.493,0.507,0.49
A0905,0,Corporate,Senior,Corporate,East,Prime,69165.0,181806.0,366,8.89,19,0,0.38,0.33,0.67,0.328
A0906,1,Mortgage,Senior,SME,West,Subprime,889713.0,108407.0,88,17.43,17,0,3.0,0.58,0.42,0.601
A0907,1,None,Subordinated,SME,East,Subprime,335783.0,334806.0,186,9.24,5,0,1.0,0.847,0.153,0.873
A0908,0,Mortgage,Senior,Retail,West,Prime,321442.0,485334.0,131,12.02,25,0,0.66,0.372,0.628,0.329
A0909,0,Mortgage,Senior,SME,North,Prime,516968.0,87858.0,634,13.65,18,0,3.0,0.484,0.516,0.481
A0910,0,Mortgage,Senior,Retail,South,Near-Prime,941283.0,298558.0,559,17.26,8,0,3.0,0.569,0.431,0.541
A0911,0,Mortgage,Senior,Retail,North,Near-Prime,57304.0,212093.0,375,6.67,27,1,0.27,0.182,0.818,0.174
A0912,0,None,Senior,Retail,North,Prime,358709.0,223344.0,690,14.19,15,1,1.61,0.533,0.467,0.533
A0913,0,None,Senior,Retail,South,Near-Prime,858006.0,127074.0,691,10.81,13,0,3.0,0.723,0.277,0.716
A0914,0,Mortgage,Subordinated,Public,East,Prime,402094.0,412567.0,98,7.03,16,0,0.97,0.539,0.461,0.518
A0915,0,Vehicle,Senior,Public,South,Prime,207165.0,242628.0,33,14.65,22,1,0.85,0.144,0.856,0.122
A0916,0,Corporate,Senior,Retail,East,Prime,430546.0,271703.0,581,11.28,20,0,1.58,0.568,0.432,0.583
A0917,0,None,Senior,Corporate,East,Prime,391697.0,152380.0,170,12.91,13,1,2.57,0.573,0.427,0.604
A0918,1,Vehicle,Subordinated,Retail,West,Prime,916262.0,90904.0,365,7.84,20,1,3.0,0.6,0.4,0.559
A0919,1,Mortgage,Senior,SME,West,Prime,764315.0,42955.0,58,10.22,2,0,3.0,0.571,0.429,0.564
A0920,0,Vehicle,Senior,Corporate,South,Prime,510064.0,357060.0,180,12.26,35,1,1.43,0.103,0.897,0.118
A0921,1,Corporate,Senior,Corporate,North,Prime,988487.0,98117.0,18,9.07,19,1,3.0,0.292,0.708,0.291
A0922,0,Mortgage,Senior,SME,South,Prime,470625.0,345038.0,225,5.98,6,0,1.36,0.286,0.714,0.264
A0923,1,Corporate,Subordinated,Corporate,East,Subprime,67655.0,195188.0,472,17.42,14,0,0.35,0.679,0.321,0.669
A0924,1,Mortgage,Senior,Retail,West,Prime,269652.0,207887.0,94,10.67,4,0,1.3,0.453,0.547,0.459
A0925,0,Corporate,Senior,Public,South,Prime,441710.0,234589.0,296,14.01,22,0,1.88,0.53,0.47,0.524
A0926,0,Mortgage,Subordinated,Retail,South,Near-Prime,165334.0,183854.0,592,9.17,34,0,0.9,0.618,0.382,0.617
A0927,0,Vehicle,Subordinated,SME,West,Subprime,948089.0,50310.0,174,8.33,27,0,3.0,0.928,0.072,0.928
A0928,0,Vehicle,Subordinated,SME,West,Prime,769180.0,154816.0,221,9.11,7,0,3.0,0.745,0.255,0.735
A0929,0,Corporate,Subordinated,SME,West,Near-Prime,275604.0,331867.0,614,9.14,3,1,0.83,0.378,0.622,0.394
A0930,0,Mortgage,Senior,Retail,East,Near-Prime,594896.0,332892.0,53,11.16,33,0,1.79,0.581,0.419,0.571
A0931,0,Vehicle,Senior,Corporate,West,Near-Prime,724235.0,143112.0,694,11.15,2,0,3.0,0.571,0.429,0.551
A0932,1,Vehicle,Senior,Retail,North,Prime,941866.0,230051.0,402,10.46,16,0,3.0,0.45,0.55,0.495
A0933,1,Vehicle,Senior,SME,South,Near-Prime,882819.0,96724.0,317,5.02,25,0,3.0,0.58,0.42,0.578
A0934,0,Corporate,Senior,Retail,West,Prime,520040.0,105186.0,348,10.44,15,0,3.0,0.522,0.478,0.47
A0935,0,Corporate,Senior,Retail,West,Near-Prime,776906.0,11524.0,442,5.54,24,0,3.0,0.524,0.476,0.549
A0936,0,Corporate,Senior,SME,East,Near-Prime,566523.0,448373.0,579,4.89,15,0,1.26,0.37,0.63,0.395
A0937,0,Mortgage,Subordinated,SME,East,Prime,557177.0,105353.0,539,16.99,31,1,3.0,0.676,0.324,0.685
A0938,1,Corporate,Senior,Retail,South,Subprime,123595.0,113767.0,281,12.07,14,1,1.09,0.24,0.76,0.253
A0939,0,Vehicle,Subordinated,Retail,North,Prime,134876.0,139801.0,359,12.89,14,0,0.96,0.659,0.341,0.702
A0940,0,Mortgage,Senior,SME,South,Subprime,534238.0,63704.0,630,9.03,6,0,3.0,0.578,0.422,0.559
A0941,0,Mortgage,Senior,Corporate,West,Prime,276173.0,319631.0,645,16.63,14,0,0.86,0.357,0.643,0.36
A0942,0,Mortgage,Senior,Corporate,North,Prime,30827.0,37571.0,640,12.57,17,1,0.82,0.123,0.877,0.162
A0943,0,Corporate,Senior,Retail,North,Prime,725611.0,67101.0,7,14.54,18,0,3.0,0.564,0.436,0.608
A0944,1,Corporate,Senior,Retail,North,Subprime,42162.0,322378.0,562,8.53,20,1,0.13,0.235,0.765,0.228
A0945,0,Corporate,Subordinated,Retail,North,Prime,599324.0,169830.0,490,17.4,17,0,3.0,0.733,0.267,0.773
A0946,0,Vehicle,Senior,Retail,South,Prime,543802.0,353974.0,340,15.31,16,0,1.54,0.506,0.494,0.522
A0947,0,Vehicle,Senior,SME,East,Prime,969127.0,278712.0,471,15.81,32,0,3.0,0.468,0.532,0.498
A0948,1,Mortgage,Senior,SME,East,Near-Prime,489371.0,128011.0,686,5.58,9,1,3.0,0.285,0.715,0.3
A0949,1,Mortgage,Senior,Retail,West,Near-Prime,72965.0,325414.0,694,7.06,27,1,0.22,0.174,0.826,0.18
A0950,0,Vehicle,Subordinated,Retail,East,Prime,556171.0,58137.0,703,7.28,33,0,3.0,0.787,0.213,0.831
A0951,0,Mortgage,Subordinated,Retail,East,Prime,842685.0,268205.0,248,7.06,10,0,3.0,0.812,0.188,0.801
A0952,0,Mortgage,Senior,Corporate,East,Prime,996881.0,218574.0,234,15.83,17,0,3.0,0.641,0.359,0.679
A0953,0,Vehicle,Senior,Public,East,Prime,436040.0,133937.0,82,3.48,17,0,3.0,0.535,0.465,0.576
A0954,1,Corporate,Senior,Retail,West,Prime,327096.0,302002.0,92,4.14,18,1,1.08,0.182,0.818,0.209
A0955,0,None,Subordinated,Retail,South,Near-Prime,907587.0,435667.0,393,7.11,23,1,2.08,0.751,0.249,0.75
A0956,0,None,Senior,Corporate,North,Prime,199330.0,499452.0,267,6.0,34,1,0.4,0.438,0.562,0.443
A0957,0,Corporate,Senior,Corporate,East,Prime,619275.0,303881.0,416,6.48,8,1,2.04,0.199,0.801,0.174
A0958,0,Vehicle,Subordinated,SME,South,Prime,411657.0,202353.0,631,14.97,13,0,2.03,0.764,0.236,0.755
A0959,0,Corporate,Senior,Retail,East,Subprime,50672.0,112604.0,582,11.45,23,1,0.45,0.283,0.717,0.295
A0960,1,Corporate,Subordinated,Retail,East,Subprime,353816.0,128548.0,528,3.09,20,1,2.75,0.662,0.338,0.633
A0961,0,Mortgage,Senior,SME,North,Subprime,272576.0,239727.0,252,9.44,22,0,1.14,0.478,0.522,0.472
A0962,0,Vehicle,Senior,Retail,North,Prime,689230.0,183639.0,121,9.12,23,1,3.0,0.347,0.653,0.386
A0963,0,Corporate,Senior,Retail,North,Prime,949303.0,456907.0,9,4.71,35,0,2.08,0.593,0.407,0.59
A0964,0,Mortgage,Subordinated,SME,East,Prime,275367.0,184148.0,315,13.14,3,1,1.5,0.343,0.657,0.364
A0965,0,Vehicle,Subordinated,Retail,East,Prime,813351.0,186722.0,272,13.53,34,0,3.0,0.809,0.191,0.82
A0966,0,Vehicle,Senior,Corporate,East,Near-Prime,64806.0,191767.0,305,13.81,33,0,0.34,0.373,0.627,0.367
A0967,1,Mortgage,Senior,Retail,North,Near-Prime,542740.0,418310.0,209,13.93,17,0,1.3,0.357,0.643,0.354
A0968,0,Mortgage,Senior,Retail,West,Subprime,79845.0,325394.0,463,3.0,19,0,0.25,0.457,0.543,0.46
A0969,0,Mortgage,Subordinated,SME,South,Subprime,934693.0,307084.0,711,17.31,30,0,3.0,0.96,0.04,0.919
A0970,0,Mortgage,Senior,Retail,West,Prime,768688.0,167072.0,716,15.21,23,0,3.0,0.466,0.534,0.485
A0971,0,Mortgage,Senior,Public,East,Near-Prime,661370.0,408952.0,415,16.56,15,0,1.62,0.556,0.444,0.554
A0972,1,Corporate,Senior,SME,East,Prime,825657.0,19182.0,215,3.23,14,0,3.0,0.49,0.51,0.51
A0973,1,Mortgage,Subordinated,Retail,West,Prime,651045.0,435399.0,79,17.01,2,1,1.5,0.438,0.562,0.446
A0974,0,Vehicle,Senior,Corporate,East,Near-Prime,969255.0,256375.0,479,15.15,18,1,3.0,0.308,0.692,0.305
A0975,0,Mortgage,Senior,Retail,South,Prime,716818.0,199125.0,546,15.56,6,0,3.0,0.426,0.574,0.43
A0976,0,None,Senior,Corporate,East,Prime,925412.0,248584.0,17,4.4,32,1,3.0,0.539,0.461,0.543
A0977,0,Mortgage,Subordinated,Retail,South,Prime,521961.0,333708.0,164,14.08,21,0,1.56,0.787,0.213,0.817
A0978,0,Vehicle,Senior,SME,West,Near-Prime,125894.0,6383.0,524,17.4,28,1,3.0,0.368,0.632,0.369
A0979,0,None,Senior,Retail,West,Near-Prime,532896.0,435776.0,201,13.18,27,0,1.22,0.571,0.429,0.577
A0980,0,Corporate,Subordinated,SME,East,Prime,135604.0,223370.0,345,11.56,2,0,0.61,0.619,0.381,0.594
A0981,0,Mortgage,Senior,Corporate,South,Subprime,596569.0,171483.0,365,17.18,33,0,3.0,0.658,0.342,0.657
A0982,1,Corporate,Senior,Corporate,East,Prime,487668.0,69123.0,447,9.64,16,0,3.0,0.548,0.452,0.577
A0983,0,Vehicle,Senior,Retail,North,Prime,626350.0,219733.0,512,11.99,22,1,2.85,0.293,0.707,0.302
A0984,0,Vehicle,Subordinated,Retail,North,Near-Prime,19947.0,248161.0,318,10.15,13,1,0.08,0.389,0.611,0.367
A0985,1,Mortgage,Senior,Corporate,North,Near-Prime,202892.0,201823.0,216,16.99,2,0,1.01,0.449,0.551,0.43
A0986,0,Mortgage,Subordinated,Corporate,North,Subprime,496417.0,339330.0,33,4.14,14,0,1.46,0.681,0.319,0.666
A0987,0,Corporate,Senior,Retail,East,Prime,950999.0,210448.0,265,10.52,28,1,3.0,0.342,0.658,0.362
A0988,0,Vehicle,Senior,SME,North,Near-Prime,389773.0,480709.0,639,13.3,7,1,0.81,0.213,0.787,0.231
A0989,0,Vehicle,Senior,Retail,South,Near-Prime,430128.0,299639.0,79,14.88,18,0,1.44,0.273,0.727,0.204
A0990,1,Corporate,Subordinated,Corporate,West,Subprime,717549.0,403739.0,676,11.75,4,0,1.78,0.931,0.069,0.929
A0991,1,Corporate,Senior,Retail,West,Prime,607755.0,54678.0,412,16.63,30,0,3.0,0.471,0.529,0.474
A0992,0,Mortgage,Subordinated,Retail,North,Near-Prime,305937.0,198646.0,251,17.13,24,0,1.54,0.82,0.18,0.801
A0993,0,Corporate,Senior,Corporate,North,Near-Prime,416708.0,168424.0,11,3.96,20,0,2.47,0.549,0.451,0.541
A0994,0,Mortgage,Senior,Retail,North,Prime,225523.0,284741.0,400,9.04,31,0,0.79,0.381,0.619,0.408
A0995,0,Corporate,Senior,SME,East,Prime,966361.0,430557.0,281,3.35,24,1,2.24,0.299,0.701,0.307
A0996,0,Corporate,Subordinated,SME,West,Prime,139328.0,39169.0,111,7.94,7,0,3.0,0.773,0.227,0.763
A0997,1,None,Senior,Retail,North,Near-Prime,378118.0,36287.0,377,11.05,26,1,3.0,0.533,0.467,0.529
A0998,0,Mortgage,Senior,Retail,South,Subprime,35581.0,425159.0,267,16.66,13,1,0.08,0.225,0.775,0.22
A0999,1,Mortgage,Senior,SME,North,Near-Prime,229562.0,106425.0,297,15.7,8,1,2.16,0.388,0.612,0.394
A1000,0,Mortgage,Subordinated,Retail,West,Near-Prime,782666.0,334377.0,316,4.91,5,0,2.34,0.81,0.19,0.781
